"","query_num","sample_name","seq_len","hit_num","match","accession","total_score","perc_cover","perc_ident","evalue","match_description","query_seq"
"1","1","A5-BBL_F10.ab1","626","1","Agathobaculum butyriciproducens","NR_151982",1144.2,100,99.52,0,"Agathobaculum butyriciproducens strain SR79 16S ribosomal RNA, partial sequence","GTCAAGACCTGGTAAGGTTCTTCGCGTTGCTTCGAATTAAACCACATACTCCACTGCTTGTGCGGGCCCCCGTCAATTCCTTTGAGTTTCAACCTTGCGGCCGTACTCCCCAGGTGGGATACTTATTGTGTTAACTGCGGCACGGAAGGGGTCAATACCTCCCACACCTAGTATCCATCGTTTACGGCGTGGACTACCAGGGTATCTAATCCTGTTTGCTCCCCACGCTTTCGCGCCTCAGCGTCAGTTAATGTCCAGCAGGCCGCCTTCGCCACTGGTGTTCCTCCGTATATCTACGCATTTCACCGCTACACACGGAATTCCGCCTGCCTCTCCATCACTCAAGACCAGCAGTTTTGAAAGCAGTTTATGGGTTAAGCCCATAGATTTCACTTCCAACTTACCGGCCCGCCTGCGCGCCCTTTACACCCAGTAAATCCGGATAACGCTTGCTCCCTACGTATTACCGCGGCTGCTGGCACGTAGTTAGCCGGAGCTTATTCTTCAGGTACCGTCATTTNTTTCGTCNCTGATTAAAGATCTTTACAACCCGAAGGCCTTCTTCAATCACGCGGCGTTGCTGCGTCAGGGTTTCCCCCATTGCGCAATATTCCCCACTGCTGCCT"
"2","2","A9-SR_G10.ab1","708","1","Bacillus haynesii","NR_157609",1238.38,100,99.56,0,"Bacillus haynesii strain NRRL B-41327 16S ribosomal RNA, partial sequence","GAAGCCCTATCTCTAGGGTTGTCAGAGGANGTCAAGACCTGGTAAGGTTCTTCGCGTTGCTTCGAATTAAACCACATGCTCCACCGCTTGTGCGGGCCCCCGTCAATTCCTTTGAGTTTCAGTCTTGCGACCGTACTCCCCAGGCGGAGTGCTTAATGCGTTTGCTGCAGCACTAAAGGGCGGAAACCCTCTAACACTTAGCACTCATCGTTTACGGCGTGGACTACCAGGGTATCTAATCCTGTTCGCTCCCCACGCTTTCGCGCCTCAGCGTCAGTTACAGACCAGAGAGTCGCCTTCGCCACTGGTGTTCCTCCACATCTCTACGCATTTCACCGCTACACGTGGAATTCCACTCTCCTCTTCTGCACTCAAGTTCCCCAGTTTCCAATGACCCTCCCCGGTTGAGCCGGGGGCTTTCACATCAGACTTAAGAAACCGCCTGCGCGCGCTTTACGCCCAATAATTCCGGACAACGCTTGCCACCTACGTATTACCGCGGCTGCTGGCACGTAGTTAGCCGTGGCTTTCTGGTTAGGTACCGTCAAGGTACCGCCCTATTCGAACGGTACTTGTTCTTCCCTAACAACAGAGTTTTACGATCCGAAAACCTTCATCACTCACGCGGCGTTGCTCCGTCAGANTTTCGTCCATTGCGGAAGANTCCCTACTGCTG"
"3","3","B14(1)-008_A06.ab1","687","1","Bacillus wiedmannii","NR_152692",1266.08,100,99.85,0,"Bacillus wiedmannii strain FSL W8-0169 16S ribosomal RNA, partial sequence","ACCTGTCACTCTGCTCCCGAAGGAGAAGCCCTATCTCTAGGGTTTTCAGAGGANGTCAAGACCTGGTAAGGTTCTTCGCGTTGCTTCGAATTAAACCACATGCTCCACCGCTTGTGCGGGCCCCCGTCAATTCCTTTGAGTTTCAGCCTTGCGGCCGTACTCCCCAGGCGGAGTGCTTAATGCGTTAACTTCAGCACTAAAGGGCGGAAACCCTCTAACACTTAGCACTCATCGTTTACGGCGTGGACTACCAGGGTATCTAATCCTGTTTGCTCCCCACGCTTTCGCGCCTCAGTGTCAGTTACAGACCAGAAAGTCGCCTTCGCCACTGGTGTTCCTCCATATCTCTACGCATTTCACCGCTACACATGGAATTCCACTTTCCTCTTCTGCACTCAAGTCTCCCAGTTTCCAATGACCCTCCACGGTTGAGCCGTGGGCTTTCACATCAGACTTAAGAAACCACCTGCGCGCGCTTTACGCCCAATAATTCCGGATAACGCTTGCCACCTACGTATTACCGCGGCTGCTGGCACGTAGTTAGCCGTGGCTTTCTGGTTAGGTACCGTCAAGGTGCCAGCTTATTCAACTAGCACTTGTTCTTCCCTAACAACAGAGTTTTACGACCCGAAAGCCTTCATCACTCACGCGGCGTTGCTCCGTCAGACTTTCGTCCATTGCGGAAGA"
"4","4","B37(2)-008_B06.ab1","726","1","Bacillus wiedmannii","NR_152692",1279,100,99.43,0,"Bacillus wiedmannii strain FSL W8-0169 16S ribosomal RNA, partial sequence","ACCTGTCACTCTGCTCCCGAAGGAGAAGCCCTATCTCTAGGGTTTTCAGAGGATGTCAAGACCTGGTAAGGTTCTTCGCGTTGCTTCGAATTAAACCACATGCTCCACCGCTTGTGCGGGCCCCCGTCAATTCCTTTGAGTTTCAGCCTTGCGGCCGTACTCCCCAGGCGGAGTGCTTAATGCGTTAACTTCAGCACTAAAGGGCGGAAACCCTCTAACACTTAGCACTCATCGTTTACGGCGTGGACTACCAGGGTATCTAATCCTGTTTGCTCCCCACGCTTTCGCGCCTCAGTGTCAGTTACAGACCAGAAAGTCGCCTTCGCCACTGGTGTTCCTCCATATCTCTACGCATTTCACCGCTACACATGGAATTCCACTTTCCTCTTCTGCACTCAAGTCTCCCAGTTTCCAATGACCCTCCACGGTTGAGCCGTGGGCTTTCACATCAGACTTAAGAAACCACCTGCGCGCGCTTTACGCCCAATAATTCCGGATAACGCTTGCCACCTACGTATTACCGCGGCTGCTGGCACGTAGTTAGCCGTGGCTTTCTGGTTAGGTACCGTCAAGGTGCCAGCTTATTCAACTAGCACTTGTTCTTCCCTAACAACAGAGTTTTACGACCCGAAAGCCTTCATCACTCACGCGGCGTTGCTCCGTCAGANTTTCGTCCATTGCGGAAGANTCCNNACTGCTG"
"5","5","B37(2)-Con_H10.ab1","729","1","Bacillus wiedmannii","NR_152692",1282.7,100,99.57,0,"Bacillus wiedmannii strain FSL W8-0169 16S ribosomal RNA, partial sequence","ACCTGTCACTCTGCTCCCGAAGGAGAAGCCCTATCTCTAGGGTTTTCAGAGGANGTCAAGACCTGGTAAGGTTCTTCGCGTTGCTTCGAATTAAACCACATGCTCCACCGCTTGTGCGGGCCCCCGTCAATTCCTTTGAGTTTCAGCCTTGCGGCCGTACTCCCCAGGCGGAGTGCTTAATGCGTTAACTTCAGCACTAAAGGGCGGAAACCCTCTAACACTTAGCACTCATCGTTTACGGCGTGGACTACCAGGGTATCTAATCCTGTTTGCTCCCCACGCTTTCGCGCCTCAGTGTCAGTTACAGACCAGAAAGTCGCCTTCGCCACTGGTGTTCCTCCATATCTCTACGCATTTCACCGCTACACATGGAATTCCACTTTCCTCTTCTGCACTCAAGTCTCCCAGTTTCCAATGACCCTCCACGGTTGAGCCGTGGGCTTTCACATCAGACTTAAGAAACCACCTGCGCGCGCTTTACGCCCAATAATTCCGGATAACGCTTGCCACCTACGTATTACCGCGGCTGCTGGCACGTAGTTAGCCGTGGCTTTCTGGTTAGGTACCGTCAAGGTGCCAGCTTATTCAACTAGCACTTGTTCTTCCCTAACAACAGAGTTTTACGACCCGAAAGCCTTCATCACTCACGCGGCGTTGCTCCGTCAGANTTTCGTCCATTGCGGAAGANTCCCTACTGCTG"
"6","6","B40(N)-008_C06.ab1","661","1","Acidaminococcus intestini","NR_041894",1218.06,100,99.85,0,"Acidaminococcus intestini strain ADV 255.99 16S ribosomal RNA, partial sequence","GGGACCTATCTCTAGGTCTTTCACTCAATGTCAAGCCTTGGTAAGGTTCTTCGCGTTGCGTCGAATTAAACCACATACTCCACCGCTTGTGCGGGCCCCCGTCAATTCCTTTGAGTTTCAATCTTGCGATCGTAGTCCCCAGGCGGGATACTTATTGCGTTAACTCCGGCACAGAAGGGGTCGATACCTCCTACACCTAGTATCCATCGTTTACGGCCAGGACTACCGGGGTATCTAATCCCGTTTGCTACCCTGGCTTTCGCATCTCAGCGTCAGACACAGTCCAGAAAGGCGCCTTCGCCACTGGTGTTCCTCCCAATATCTACGCATTTCACCGCTACACTGGGAATTCCCCTTTCCTCTCCTGCACTCAAGACTTCCAGTATCCAACGCCATACGGGGTTAAGCCCCGCATTTTCACGTCAGACTTAAAAGCCCGCCTACATGCTCTTTACGCCCAATAATTCCGGACAACGCTTGCCACCTACGTATTACCGCGGCTGCTGGCACGTAGTTAGCCGTGGCTTCCTCGTTAGGTACCGTCAACACCATGACCTGTTCGAACACGGTGCTTTCGTCCCTAACAACAGAGTTTTACAATCCGAAGANCTTCATCACTCACGCGGCGTTGCTCCGTCAGACTTTCGTCCATTGCGGAAGA"
"7","8","FMN-1(63)_E10.ab1","658","1","Phascolarctobacterium faecium","NR_026111",1216.22,100,100,0,"Phascolarctobacterium faecium strain ACM 3679 16S ribosomal RNA, partial sequence","CTCTATCTCTAGAGCGTTCAATCAATGTCAAGCCTTGGTAAGGTTCTTCGCGTTGCGTCGAATTAAACCACATACTCCACCGCTTGTGCGGGCCCCCGTCAATTCCTTTGAGTTTCAACCTTGCGGCCGTACTCCCCAGGCGGGGTACTTATTGCGTTAACTCCGGCACAGAAGGGGTCGATACCTCCTACACCTAGTACCCATCGTTTACGGCCAGGACTACCGGGGTATCTAATCCCGTTCGCTACCCTGGCTTTCGCATCTCAGCGTCAGACACAGTCCAGAAAGGCGCCTTCGCCACTGGTGTTCCTCCCAATATCTACGCATTTCACCGCTACACTGGGAATTCCCCTTTCCTCTCCTGCACTCAAGCCTAACAGTTTCCAGCGCCATACGGGGTTGAGCCCCGCATTTTCACGCTCGACTTATTAAGCCGCCTACATGCTCTTTACGCCCAATAATTCCGGACAACGCTCGCCACCTACGTATTACCGCGGCTGCTGGCACGTAGTTAGCCGTGGCTTCCTCGTTTACTACCGTCATTGCAATGCATTGTTCACACACTGCACGTTCGTCATAAACAACAGAGCTTTACAGACCGAAATCCTTCATCACTCACGCGGCGTTGCTCCGTCAGACTTTCGTCCATTGCGGAAGA"
"8","9","P14(1)-008_E06.ab1","682","1",NA,"NR_074634",1256.84,100,99.85,0,"[Eubacterium] rectale ATCC 33656 16S ribosomal RNA, partial sequence","TGCACCACCTGTCACTCCTGCTCCGAAGAGAAGGNACGGTTAAGTACCGGTCAGAAGGATGTCAAGACTTGGTAAGGTTCTTCGCGTTGCTTCGAATTAAACCACATGCTCCACCGCTTGTGCGGGTCCCCGTCAATTCCTTTGAGTTTCATTCTTGCGAACGTACTCCCCAGGTGGAATACTTACTGCGTTTGCGACGGCACCGAGAAGCAATGCTTCCCAACACCTAGTATTCATCGTTTACGGCGTGGACTACCAGGGTATCTAATCCTGTTTGCTCCCCACGCTTTCGAGCCTCAGCGTCAGTTATCGTCCAGTAAGCCGCCTTCGCCACTGGTGTTCCTCCTAATATCTACGCATTTCACCGCTACACTAGGAATTCCGCTTACCCCTCCGACACTCTAGTACGACAGTTTCCAATGCAGTACCGGGGTTGAGCCCCGGGCTTTCACATCAGACTTGCCGCACCGCCTGCGCTCCCTTTACACCCAGTAAATCCGGATAACGCTTGCACCATACGTATTACCGCGGCTGCTGGCACGTATTTAGCCGGTGCTTCTTAGTCAGGTACCGTCATTATCTTCCCTGCTGATAGAGCTTTACATACCGAAATACTTCTTCGCTCACGCGGCGTCGCTGCATCAGGCTTTCGCCCATTGTGCAATATTCCCCACTGCTGCCT"
"9","10","P37(2)-008_F06.ab1","712","1","Coprococcus catus","NR_024750",1225.45,100.15,98.69,0,"Coprococcus catus strain VPI-C6-61 16S ribosomal RNA, partial sequence","TGCACCACCTGTCACCGGTGCTCCGAAGAGAGGNCCCCATTACGGGACGGTCACCGGGATGTCAAGGCCTGGTAAGGTTCTTCGCGTTGCTTCGAATTAAACCACATGCTCCACCGCTTGTGCGGGTCCCCGTCAATTCCTTTGAGTTTCATTCTTGCGAACGTACTCCCCAGGTGGAATACTTATTGCGTTTGCTGCGGCACCGAAGCTCTTATGAGCCCCGACACCTAGTATTCATCGTTTACGGCGTGGACTACCAGGGTATCTAATCCTGTTTGCTCCCCACGCTTTCGAGCCTCAGCGTCATTGTCAGTCCAGTAAGCCGCCTTCGCCACTGGTGTTCCTCCTAATATCTACGCATTTCACCGCTACACTAGGAATTCCGCTTACCTCTCCTGAAATCAAGCAGGGCAGTTTCAAAAGCCGTCCCGGGGTTGAGCCCCGGG-CTTTCACTTCTGACTTGCTCCGCCGCCTACGCTCCCTTTACACCCAGTAAATCCGGATAACGCTTGCCCCCTACGTATTACCGCGGCTGCTGGCACGTAGTTAGCCGGGGCTTCTTAGTCAGGTACCGTCATTATCTTCCCTGCTGATAGAAGTTTACATACCGAGATACTTCTTCCTTCACGCGGCGTCGCTGCATCAGGGTTTCCCCCATTGTGCAATATTCCCCACTGCTGCCTNCCG"
"10","11","P40(N)-008_G06.ab1","731","1","Acidaminococcus intestini","NR_041894",1295.62,100,99.58,0,"Acidaminococcus intestini strain ADV 255.99 16S ribosomal RNA, partial sequence","CACCTGTTTTCGTGTCCCCGAAGGGAGGGACCTATCTCTAGGTCTTTCACTCAATGTCAAGCCTTGGTAAGGTTCTTCGCGTTGCGTCGAATTAAACCACATACTCCACCGCTTGTGCGGGCCCCCGTCAATTCCTTTGAGTTTCAATCTTGCGATCGTAGTCCCCAGGCGGGATACTTATTGCGTTAACTCCGGCACAGAAGGGGTCGATACCTCCTACACCTAGTATCCATCGTTTACGGCCAGGACTACCGGGGTATCTAATCCCGTTTGCTACCCTGGCTTTCGCATCTCAGCGTCAGACACAGTCCAGAAAGGCGCCTTCGCCACTGGTGTTCCTCCCAATATCTACGCATTTCACCGCTACACTGGGAATTCCCCTTTCCTCTCCTGCACTCAAGACTTCCAGTATCCAACGCCATACGGGGTTAAGCCCCGCATTTTCACGTCAGACTTAAAAGCCCGCCTACATGCTCTTTACGCCCAATAATTCCGGACAACGCTTGCCACCTACGTATTACCGCGGCTGCTGGCACGTAGTTAGCCGTGGCTTCCTCGTTAGGTACCGTCAACACCATGACCTGTTCGAACACGGTGCTTTCGTCCCTAACAACAGAGTTTTACAATCCGAAGACCTTCATCACTCACGCGGCGTTGCTCCGTCAGACTTTCGTCCATTGCGGAAGANTCCCCACTGCTGNCTNCCG"
"11","12","P49-001_H06.ab1","720","1","[Clostridium] saccharogumia","NR_043550",1031.55,98.42,93.87,0,"[Clostridium] saccharogumia strain SDG-Mt85-3Db 16S ribosomal RNA, partial sequence","TATAGCTATCTCTCCATCTCTGGAGCCTTTA-GATCGATGTCAAGACCTGGTAAGGTTCTTCGCGTTGCTTCGAATTAAACCACATGCTCCACCGCTTGTGCGGGCCCCCGTCAATTCCTTTGAGTTTCATTCTTGCGAACGTACTACTCAGGCGGAGTACTTATTGCGTTAACTGCAGCACTGAGATTTGACTCCCAACACTTAGTACTCATCGTTTACGGCGTGGACTACTAGGGTATCTAATCCTATTTGCTCCCCACGCTTTCGGGACTGAGCGTCAGTTATGCGCCAGATCGTCGCCTTCGCCACTGGTGTTCCTCCATATATCTACGCATTTCACCGCTACACATGGAATTCCACGATCCTCTCACACACTCTAGCTCTACGGTTTCCATGGCTTACCGAAGTTAAGCTTCGATCTTTCACCACAGACCCTTAGTGCCGCCTGCTCCCTCTTTACGCCCAATAATTCCGGATAACGCTCGCCACCTACGTATTACCGCGGCTGCTGGCACGTAGTTAGCCGTGGCTTTCTTATAGAGTACCGTCACTTGGATATCATTCCCTATATCCACCGTTCTTCCTCTATGACAGAAGTTTACATAACGAATTACTTCTTCCTTCACGCGGCGTTGCTCGGTCAGGGTTTCCCCCATTGCCGAAAATTCCCTACTGCTGCCTTCC"
"12","13","P49-001-Con_A10.ab1","725","1","[Clostridium] saccharogumia","NR_043550",1037.09,100.14,93.32,0,"[Clostridium] saccharogumia strain SDG-Mt85-3Db 16S ribosomal RNA, partial sequence","TGCACCACCTGTCTTCTCTATAGCTATCTCTCCATCTCNTGGAGCCTTTA-GATCGATGTCAAGACCTGGTAAGGTTCTTCGCGTTGCTTCGAATTAAACCACATGCTCCACCGCTTGTGCGGGCCCCCGTCAATTCCTTTGAGTTTCATTCTTGCGAACGTACTACTCAGGCGGAGTACTTATTGCGTTAACTGCAGCACTGAGATTTGACTCCCAACACTTAGTACTCATCGTTTACGGCGTGGACTACTAGGGTATCTAATCCTATTTGCTCCCCACGCTTTCGGGACTGAGCGTCAGTTATGCGCCAGATCGTCGCCTTCGCCACTGGTGTTCCTCCATATATCTACGCATTTCACCGCTACACATGGAATTCCACGATCCTCTCACACACTCTAGCTCTACGGTTTCCATGGCTTACCGAAGTTAAGCTTCGATCTTTCACCACAGACCCTTAGTGCCGCCTGCTCCCTCTTTACGCCCAATAATTCCGGATAACGCTCGCCACCTACGTATTACCGCGGCTGCTGGCACGTAGTTAGCCGTGGCTTTCTTATAGAGTACCGTCACTTGGATATCATTCCCTATATCCACCGTTCTTCCTCTATGACAGAAGTTTACATAACGAATTACTTCTTCCTTCACGCGGCGTTGCTCGGTCAGGGTTTCCCCCATTGCCGAAAATTCCCTACTGCTGCCTTCC"
"13","14","P50-001_A08.ab1","632","1","Oscillibacter valericigenes","NR_074793",985.385,100,94.78,0,"Oscillibacter valericigenes strain Sjm18-20 16S ribosomal RNA, complete sequence","ACCTAATGTATCTCTACTTCGTTAGCAGGATGTCAAGACCTGGTAAGGTTCTTCGCGTTGCTTCGAATTAAACCACATAATCCACCGCTTGTGCGGGCCCCCGTCAATTCCTTTGAGTTTCAACCTTGCGATCGTACTCCCCAGGTGGGATACTTATTGTGTTAACTGCGGCACGCAGGGGGTCAGTCCCCGCACACCTAGTATCCATCGTTTACAGCGTGGACTACCAGGGTATCTAATCCTGTTCGCTCCCCACGCTTTCGCGCCTCACCGTCAGTTACCGTCCAGTAATCCGCCTTCGCCACTGGTGTTCTTCCTTATATCTACGCATTTCACCGCTACACAAGGAATTCCGATTACCTCTCCGGCACTCAAGACATACAGTTTCAAATGCAGTTTCAGGGTTAAGCCCTGAGATTTCACATCTGACTTGCATGCCCGGCTGCACGCCCTTTACACCCAGTAAATCCGGACAACGCTTGCCACCTACGTATTACCGCGGCTGCTGGCACGTAGTTAGCCGTGGCTTATTCAAGTGGTACCGTCTTCTGCTCTTCCCACTTAAAAGAAGTTTACAACCCGAAAGCCTTCTTCCTTCACGCGGCGTTGCTGGGTCAGGCTTGCGCCCATTG"
"14","15","P57-001_B08.ab1","694","1","Anaerofustis stercorihominis","NR_027562",1225.45,100.15,99.41,0,"Anaerofustis stercorihominis strain WAL 14563 16S ribosomal RNA, partial sequence","ACCTGTCTCCTTGTCCCGAAGGAA-GCCTAATCTCTTAGGCGGTCAAGGGATNNCAAGACCTGGTAAGGTTCTTCGCGTTGCTTCGAATTAAACCACATGCTCCGCTGCTTGTGCGGGCCCCCGTCAATTCCTTTGAGTTTCACTCTTGCGAGCGTACTCCCCAGGCGGAATACTTAATGTGTTAACTGCGGCACTGAGTTACCCCAACACCTAGTATTCATCGTTTACGGCGTGGACTACCAGGGTATCTAATCCTGTTCGCTCCCCACGCTTTCGCACCTCAGCGTCAGTTATCGTCCAGTAAGCCGCCTTCGCCACCGGTGTTCTTCCTAATCTCTACGCATTTCACCGCTACACTAGGAATTCCGCTTACCTCTCCGATACTCAAGTTATCCAGTTTCAAGTGCACTTTTCCGGTTGAGCCGAAAACTTTCACACCTGACTTAATTAACCGCCTACGTGCTCTTTACGCCCAGTGAATCCGGACAACGCTTGCTCCCTACGTATTACCGCGGCTGCTGGCACGTAGTTAGCCGGAGCTTCCTCCTTGGGTACCGTCATTATCTTCCCCAAAGACAGAGCTTTACGATCCGAAAACCTTCATCGCTCACGCGGCGTTGCTGCGTCAGGGTTTCCCCCATTGCGCAATATTCCCCACTGCTGCCTNCCGTA"
"15","16","P59-001_C08.ab1","690","1","Bacteroides uniformis","NR_112945",1230.99,100,99.7,0,"Bacteroides uniformis strain JCM 5828 16S ribosomal RNA, partial sequence","GACATGTCTCCACATCATTCAGTTGCAATTCAAGCCCGGGTAAGGTTCCTCGCGTATCATCGAATTAAACCACATGTTCCTCCGCTTGTGCGGGCCCCCGTCAATTCCTTTGAGTTTCACCGTTGCCGGCGTACTCCCCAGGTGGAATACTTAACGCTTTCGCTTGGCCGCTTACTGTATATCGCAAACAGCGAGTATTCATCGTTTACTGTGTGGACTACCAGGGTATCTAATCCTGTTTGATACCCACACTTTCGAGCATCAGCGTCAGTTACAGTCCAGCAGGCTGCCTTCGCAATCGGAGTTCTTCGTGATATCTAAGCATTTCACCGCTACACCACGAATTCCGCCTGCCTCTACTGTACTCAAGACACCCAGTATCAACTGCAATTTTACGGTTGAGCCGCAAACTTTCACAACTGACTTAAGCGTCCGCCTACGCTCCCTTTAAACCCAATAAATCCGGATAACGCTCGGATCCTCCGTATTACCGCGGCTGCTGGCACGGAGTTAGCCGATCCTTATTCATACGGTACATACAAAAAGGCACACGTGCCTCACTTTATTCCCGTATAAAAGAAGTTTACAACCCATAGGGCAGTCATCCTTCACGCTACTTGGCTGGTTCAGACTCTCGTCCATTGACCAATATTCCTCACTGCTGCCTNCCG"
"16","17","P61-001_D08.ab1","716","1","Akkermansia muciniphila","NR_074436",1258.69,100,99.71,0,"Akkermansia muciniphila strain ATCC BAA-835 16S ribosomal RNA, partial sequence","CATGCAGCACCTGTGTA-CGCCTCCGAAGAGTCGCATGCTTTCACATGTTGTTCATTACATGTCAAGCCCAGGTAAGGTTCTTCGCGTTGCATCGAATTAAGCCACATACTCCACCGCTTGTGCGGGTCCCCGTCAATTTCTTTGAGTTTTAATCTTGCGACCGTACTCCCCAGGCGGCACGCTTAACGCGTTAGCTCCGGCACGCAGGGGGTCGATTCCCCGCACACCAAGCGTGCACCGTTTACTGCCAGGACTACAGGGGTATCTAATCCCTTTCGCTCCCCTGGCCTTCGTGCCTCAGCGTCAGTTAATGTCCAGGAACCCGCCTTCGCCACGAGTGTTCCTCTCGATATCTACGCATTTCACTGCTACACCGAGAATTCCGGTTCCCCCTCCATTACTCTAGTCTCGCAGTATCATGTGCCGTCCGCGGGTTGAGCCCGCGCCTTTCACACACGACTTACGAAACAGCCTACGCACGCTTTACGCCCAGTGATTCCGAACAACGCTTGAGACCTCTGTATTACCGCGGCTGCTGGCACAGAGTTAGCCGTCTCTTCCTCTTGTGGTACTATCTTTTTAATTTGCTCCCACATGACAGGGGTTTACAATCCGAAGACCTTCATTCCCCCACGCGGCGTCGCACCATCAGGGTTTCCCCCATTGTGAATGANTCTCGACTGCTG"
"17","18","P62-001_E08.ab1","704","1","Ruminococcus albus","NR_113032",1062.94,100,94.99,0,"Ruminococcus albus strain JCM 14654 16S ribosomal RNA, partial sequence","CACCTGTCTATATGTCTCCGAAGAGATTTCACTCATCTCTGAGCTATGCATACGATGTCAAGACCTGGTAAGGTTCTTCGCGTTGCTTCGAATTAATCCACATACTCCACTGCTTGTGCGGGCCCCCGTCAATTCCTTTGAGTTTCAACCTTGCGGTCGTACTCCCCAGGTGGATTACTTATTGCGTTTGCTGCGGCACGGAAGGGGTCAGTCCCCCCACACCTAGTAATCATCGTTTACGGCGTGGACTACCAGGGTATCTAATCCTGTTTGCTCCCCACGCTTTCGAGCCTCAGCGTCAGTTAAAGCCCAGTAAGCCGCCTTCGCCACTGATGTTCCTCCTAATATCTACGCATTTCACCGCTACACTAGGAATTCCGCTTACCTCTACTTCACTCAAGAACCACAGTTTCAAATGCAGTTTATGGGTTAAGCCCATAGTTTTCACATCTGACTTGCGATCCCGCCTACGCTCCCTTTACACCCAGTAATTCCGGACAACGCTCGCTCCCTACGTATTACCGCGGCTGCTGGCACGTAGTTAGCCGGAGCTTCCTCCTCAGGTACCGTCTTTTTTCGTCCCTGAAGACAGAGGTTTACAATCCTAAAACCTTCTTCCCTCACGCGGCATCGCTGCATCAGAGTTTCCTCCATTGTGCAATATTCCCCACTGCTGCC"
"18","19","P62-001-Con_B10.ab1","671","1","Ruminococcus albus","NR_113032",1011.24,99.69,94.46,0,"Ruminococcus albus strain JCM 14654 16S ribosomal RNA, partial sequence","ATCTCTGAGCTATGCATACNATGTCAAGACCTGNTAAGGTTCTTCGCGTTGCTTCGAATTAATCCACATACTCCACTGCTTGTGCGGGCCCCCGTCAATTCCTTTGAGTTTCAACCTTGCGGTCGTACTCCCCAGGTGGATTACTTATTGCGTTTGCTGCGGCACGGAAGGGGTCAGTCCCCCCACACCTAGTAATCATCGTTTACGGCGTGGACTACCAGGGTATCTAATCCTGTTTGCTCCCCACGCTTTCGAGCCTCAGCGTCAGTTAAAGCCCAGTAAGCCGCCTTCGCCACTGATGTTCCTCCTAATATCTACGCATTTCACCGCTACACTAGGAATTCCGCTNTACCTCTACTTCACTCAAGAACCACAGTTTCAAATGCAGTTTATGGGTTAAGCCCATAGTTTTCACATCTGACTTGCGATCCCGCCTACGCTCCCTTTACACCCAGTAATTCCGGACAACGCTCGCTCCCTACGTATTACCGCGGCTGCTGGCACGTAGTTAGCCGGAGCTTCCTCCTCAGGTACCGTCTTTTTTCGTCCCTGAAGANAGAGGTTTACAATCCTAAAACCTTCTTCCCTCACGCGGCATCGCTGCATCAGAGTTTCCTCCATTGNGCAATATTCNCCACTGCTGCCTNCCG"
"19","20","P64-001_F08.ab1","444","1",NA,"NR_074902",676.994,100,91.22,0,"Escherichia fergusonii ATCC 35469 16S ribosomal RNA, complete sequence","TCGTTTACGGCGTGNACTACCAGGGTATCNNNTCCTGTTTGCTCCCCACGCTTTCGCACCTGAGCGTCAGTCTTCGNCCAGGGGGCCGCCTTCGCCACCGGNATTCCTCCAGATCTCTACGCATTTCACCGCTACACCTGGAATTCTACCCCCCTCTACNAGACTCANGNTTGCCAGTATCANATGCAGTTCCCAGGTTGANCCCGGGGATTTCACATCTGACTTANCAAACCGCCTGCGTGCGCTTTACGCCCAGTAATTCNNATTAACGCTTGNNCCCTCCGNNTTACCGCGGNTGNTGNNACGGAGTTANCCGNTGCTTCTTCTGCGGGNAACGNCAATGAGCANNGNNATTAACTTTACTCNCTTCNTCNCCGCTGAAAGTACTTTACAACCCGAAGGCCTTCTTCATACACGCGGCATGNNTGCATCNNNNTTGCGCCC"
"20","21","P64-001-Con_C10.ab1","690","1","Staphylococcus epidermidis","NR_113957",1255,100.14,99.28,0,"Staphylococcus epidermidis strain NBRC 100911 16S ribosomal RNA, partial sequence","ACCACCTGTCACTCTGTCCCCCGAAGGGGAAA-CTCTATCTCTAGAGGGNNCAGAGGATGTCAAGATTTGGTAAGGTTCTTCGCGTTGCTTCGAATTAAACCACATGCTCCACCGCTTGTGCGGGTCCCCGTCAATTCCTTTGAGTTTCAACCTTGCGGTCGTACTCCCCAGGCGGAGTGCTTAATGCGTTAGCTGCAGCACTAAGGGGCGGAAACCCCCTAACACTTAGCACTCATCGTTTACGGCGTGGACTACCAGGGTATCTAATCCTGTTTGATCCCCACGCTTTCGCACATCAGCGTCAGTTACAGACCAGAAAGTCGCCTTCGCCACTGGTGTTCCTCCATATCTCTGCGCATTTCACCGCTACACATGGAATTCCACTTTCCTCTTCTGCACTCAAGTTTTCCAGTTTCCAATGACCCTCCACGGTTGAGCCGTGGGCTTTCACATCAGACTTAAAAAACCGCCTACGCGCGCTTTACGCCCAATAATTCCGGATAACGCTTGCCACCTACGTATTACCGCGGCTGCTGGCACGTAGTTAGCCGTGGCTTTCTGATTAGGTACCGTCAAGACGTGCATAGTTACTTACACATTTGTTCTTCCCTAATAACAGAGTTTTACNATCCGAAGANCTTCATCACTCACGCGGCGTTGCTCCGTCAGGCTTTCGCCCATTGCGGAAGA"
"21","22","P66-001_G08.ab1","648","1","Collinsella aerofaciens","NR_113316",1197.75,100,100,0,"Collinsella aerofaciens strain JCM 10188 16S ribosomal RNA, partial sequence","ACGGGGTCTCCCCCGCTTCACCCATATGTCAAGCCCTGGTAAGGTTCTTCGCGTTGCTTCGAATTAAGCCACATGCTCCGCTGCTTGTGCGGGCCCCCGTCAATTCCTTTGAGTTTTAGCCTTGCGGCCGTACTCCCCAGGCGGGACGCTTAATGCGTTGGCTGCGGCACGGGGGGATCGTCCCCCCACACCTAGCGTCCATCGTTTACGGCTGGGACTACCAGGGTATCTAATCCTGTTCGCTCCCCCAGCTTTCGCGCCTCAGCGTCGGTCTCGGCCCAGAGGGCCGCCTTCGCCACCGGTGTTCCACCCGATATCTGCGCATTCCACCGCTACACCGGGTGTTCCACCCTCCCCTACCGGACCCAAGCCGCGGAGGTTCCGGGGGCTTCGGGGGGTTGAGCCCCCCGCTTCGACCCCCGGCCTGCCGGGCCGCCTACGCGCGCTTTACGCCCAATGAATCCGGATAACGCTCGCCCCCTACGTATTACCGCGGCTGCTGGCACGTAGTTAGCCGGGGCTTCTTCTGCAGGTACAGTCTTGACTCTTCCCTGCTGAAAGCGGTTTACGACCCGAAGGCCTCCGTCCCGCACGCGGCGTCGCTGCGTCAGGGTTCCCCCCATTGCGCAAGATTCCCCACTGCTGCCT"
"22","23","P66-001-Con_D10.ab1","610","1","Collinsella aerofaciens","NR_113316",1035.24,100.49,96.08,0,"Collinsella aerofaciens strain JCM 10188 16S ribosomal RNA, partial sequence","CTGGTAAGGTTCTTCGCGTTGCTTCGAATTAAGCCACATGCTCCGCTGCTTGTGCGGGCCCCCGTCAATTCCTTTGAGTTTTAGCCTTGCGGCCGTACTCCCCAGGCGGGACGCTTAATGCGTTGGCTGCGGCACGGGGGGATCGTCCCCCCACACCTAGCGTCCATCGTTTACGGCTGGGACTACCAGGGTATCTAATCCTGTTCGCTCCCCCAGCTTTCGCGCCTCAGCGTCGGTCTCGGCCCAGAGGGCNNCCTTCGCCACCGGTGTTCCACCCGATATCTGCGCATTCCACCGCTACACCGGGTGTTCCACCCTCCCCTACCGGACCCAAGCCGCGNNGGTTCCGGGGGCTTCGGGGGGTTGAGCCCCCCGCTTCGACCCCCGNCCTGCCGGGCCGCCTACGCGCGCTTTACGCCCAATGAATCNGGATAACGCTCGCCCCCTACGTATTACCGCGNCTGCTGNNACGTAGTTAGCCGGGGCTTCTTCTGCAGNNACAGTCTTGACTCTTCCCTGCTGAAAGNGNTT-ACGACCCGNANNNCTCCGTCCCGCACGCNN-GTCGCTGCGTCAGGNNTCCCCC-ATTGCGCAAGATTCCCCACTGCTGCCT"
"23","24","P68-001_H08.ab1","707","1","Roseburia faecis","NR_042832",1255,100,99.42,0,"Roseburia faecis strain M72/1 16S ribosomal RNA, partial sequence","TGCACCACCTGTCACCGATGCTCCGAAGAGAANNTACATTACATACTCTGTCATCGGGATGTCAAGACTTGGTAAGGTTCTTCGCGTTGCTTCGAATTAAACCACATGCTCCACCGCTTGTGCGGGTCCCCGTCAATTCCTTTGAGTTTCATTCTTGCGAACGTACTCCCCAGGTGGAATACTTATTGCGTTTGCTGCGGCACCGAAGAGCAATGCTCCCCGACACCTAGTATTCATCGTTTACGGCGTGGACTACCAGGGTATCTAATCCTGTTTGCTCCCCACGCTTTCGAGCCTCAGCGTCAGTTATCGTCCAGTAAGCCGCCTTCGCCACTGGTGTTCCTCCTAATATCTACGCATTTCACCGCTACACTAGGAATTCCACTTACCCCTCCGACACTCTAGTACGACAGTTTCCAATGCAGTACCGGGGTTGAGCCCCGGGCTTTCACATCAGACTTGCCGCACCGCCTGCGCTCCCTTTACACCCAGTAAATCCGGATAACGCTTGCACCATACGTATTACCGCGGCTGCTGGCACGTATTTAGCCGGTGCTTCTTAGTCAGGTACCGTCATTCTTCTTCCCTGCTGATAGAGCTTTACATACCGAAATACTTCTTCGCTCACGCGGCGTCGCTGCATCAGGGTTTCCCCCATTGTGCAATATTCCCCACTGCTGNCTNCCG"
"24","25","WCB-Con_B12.ab1","737","1","Bacillus wiedmannii","NR_152692",1299.31,100,99.3,0,"Bacillus wiedmannii strain FSL W8-0169 16S ribosomal RNA, partial sequence","TGCACCACCTGTCACTCTGCTCCCGAAGGAGAAGCCCTATCTCTAGGGTTTTCAGAGGNNGTCAAGACCTGGTAAGGTTCTTCGCGTTGCTTCGAATTAAACCACATGCTCCACCGCTTGTGCGGGCCCCCGTCAATTCCTTTGAGTTTCAGCCTTGCGGCCGTACTCCCCAGGCGGAGTGCTTAATGCGTTAACTTCAGCACTAAAGGGCGGAAACCCTCTAACACTTAGCACTCATCGTTTACGGCGTGGACTACCAGGGTATCTAATCCTGTTTGCTCCCCACGCTTTCGCGCCTCAGTGTCAGTTACAGACCAGAAAGTCGCCTTCGCCACTGGTGTTCCTCCATATCTCTACGCATTTCACCGCTACACATGGAATTCCACTTTCCTCTTCTGCACTCAAGTCTCCCAGTTTCCAATGACCCTCCACGGTTGAGCCGTGGGCTTTCACATCAGACTTAAGAAACCACCTGCGCGCGCTTTACGCCCAATAATTCCGGATAACGCTTGCCACCTACGTATTACCGCGGCTGCTGGCACGTAGTTAGCCGTGGCTTTCTGGTTAGGTACCGTCAAGGTGCCAGCTTATTCAACTAGCACTTGTTCTTCCCTAACAACAGAGTTTTACGACCCGAAAGCCTTCATCACTCACGCGGCGTTGCTCCGTCAGACTTTCGTCCATTGCGGAAGANTCCCTACTGCTGNCTNCCG"
"25","26","WCB+2-Con_A12.ab1","694","1","Bacillus wiedmannii","NR_152692",1282.7,100,100,0,"Bacillus wiedmannii strain FSL W8-0169 16S ribosomal RNA, partial sequence","ATGCACCACCTGTCACTCTGCTCCCGAAGGAGAAGCCCTATCTCTAGGGTTTTCAGAGGATGTCAAGACCTGGTAAGGTTCTTCGCGTTGCTTCGAATTAAACCACATGCTCCACCGCTTGTGCGGGCCCCCGTCAATTCCTTTGAGTTTCAGCCTTGCGGCCGTACTCCCCAGGCGGAGTGCTTAATGCGTTAACTTCAGCACTAAAGGGCGGAAACCCTCTAACACTTAGCACTCATCGTTTACGGCGTGGACTACCAGGGTATCTAATCCTGTTTGCTCCCCACGCTTTCGCGCCTCAGTGTCAGTTACAGACCAGAAAGTCGCCTTCGCCACTGGTGTTCCTCCATATCTCTACGCATTTCACCGCTACACATGGAATTCCACTTTCCTCTTCTGCACTCAAGTCTCCCAGTTTCCAATGACCCTCCACGGTTGAGCCGTGGGCTTTCACATCAGACTTAAGAAACCACCTGCGCGCGCTTTACGCCCAATAATTCCGGATAACGCTTGCCACCTACGTATTACCGCGGCTGCTGGCACGTAGTTAGCCGTGGCTTTCTGGTTAGGTACCGTCAAGGTGCCAGCTTATTCAACTAGCACTTGTTCTTCCCTAACAACAGAGTTTTACGACCCGAAAGCCTTCATCACTCACGCGGCGTTGCTCCGTCAGACTTTCGTCCATTGCGGAAGA"
