"","file","seq_state","sequence"
"1","31-CC-B-Lawn_F06.ab1","raw","NNNNNNNNNNNNNNNNNNNTGCANNACCTGTTTTCNTGTCCCCGAAGGGAGGGANCTATCTCTAGGTCTTTCACTCAATGTCAAGCCTTGGTAAGGTTCTTCGCGTTGCGTCGAATTAAACCACATACTCCACCGCTTGTGCGGGCCCCCGTCAATTCCTTTGAGTTTCAATCTTGCGATCGTAGTCCCCAGGCGGGATACTTATTGCGTTAACTCCGGCACAGAAGGGGTCGATACCTCCTACACCTAGTATCCATCGTTTACGGCCAGGACTACCGGGGTATCTAATCCCGTTTGCTACCCTGGCTTTCGCATCTCAGCGTCAGACACAGTCCAGAAAGGCGCCTTCGCCACTGGTGTTCCTCCCAATATCTACGCATTTCACCGCTACACTGGGAATTCCCCTTTCCTCTCCTGCACTCAAGACTTCCAGTATCCAACGCCATACGGGGTTAAGCCCCGCATTTTCACGTCAGACTTAAAAGCCCGCCTACATGCTCTTTACGCCCAATAATTCCGGACAACGCTTGCCACCTACGTATTACCGCGGCTGCTGGCACGTAGTTAGCCGTGGCTTCCTCGTTAGGTACCGTCAACACCATGACCTGTTCGAACACGGTGCTTTCGTCCCTAACAACAGAGTTTTACAATCCGAAGACCTTCATCACTCACGCGGCGTTGCTCCGTCAGACTTTCGTCCATTGCGGAAGATTCCCCACTGCTGCCTNNNGTACTTTNNNNNGGNNNNANNNAN"
"2","31-CC-B-Lawn_F06.ab1","trimmed","CTATCTCTAGGTCTTTCACTCAATGTCAAGCCTTGGTAAGGTTCTTCGCGTTGCGTCGAATTAAACCACATACTCCACCGCTTGTGCGGGCCCCCGTCAATTCCTTTGAGTTTCAATCTTGCGATCGTAGTCCCCAGGCGGGATACTTATTGCGTTAACTCCGGCACAGAAGGGGTCGATACCTCCTACACCTAGTATCCATCGTTTACGGCCAGGACTACCGGGGTATCTAATCCCGTTTGCTACCCTGGCTTTCGCATCTCAGCGTCAGACACAGTCCAGAAAGGCGCCTTCGCCACTGGTGTTCCTCCCAATATCTACGCATTTCACCGCTACACTGGGAATTCCCCTTTCCTCTCCTGCACTCAAGACTTCCAGTATCCAACGCCATACGGGGTTAAGCCCCGCATTTTCACGTCAGACTTAAAAGCCCGCCTACATGCTCTTTACGCCCAATAATTCCGGACAACGCTTGCCACCTACGTATTACCGCGGCTGCTGGCACGTAGTTAGCCGTGGCTTCCTCGTTAGGTACCGTCAACACCATGACCTGTTCGAACACGGTGCTTTCGTCCCTAACAACAGAGTTTTACAATCCGAAGACCTTCATCACTCACGCGGCGTTGCTCCGTCAGACTTTCGTCCATTGCGGAAGATTCCCCACTGCTGCCT"
"3","31-KCC-A-1-overtop_H06.ab1","raw","NNNNNNNNNNNNNNNNNNTGNNNNNNNNNNTCNCTCNCNTGTCCCGAAGGNNNANNNNNNNGTTANNANNNGGTCAGAAGGATGTCAAGACCAGGTAAGGTTCTTCGCGTTGCTTCGAATTAAACCACATGCTCCACCGCTTGTGCGGGTCCCCGTCAATTCCTTTGAGTTTCATTCTTGCGAACGTACTCCCCAGGTGGAATACTTATTGCGTTGGCTGCGGCACCGAAGCCTCTACGGCCCCGACACCTAGTATTCATCGTTTACGGCGTGGACTACCAGGGTATCTAATCCTGTTTGCTCCCCACGCTTTCGTGCCTCAGTGTCAGTTTCAGTCCAGTAAGCCGCCTTCGCCACTGATGTTCCTCCTAATATCTACGCATTTCACCGCTACACTAGGAATTCCGCTTACCTCTCCTGCACTCCAGTCTGACAGTTTCAAAAGCAGTCCCAGAGTTAAGCCCTGGGTTTTCACTTCTGACTTGCCATACCACCTACGCACCCTTTACACCCAGTAATTCCGGATAACGCTTGCCCCCTACGTATTACCGCGGCTGCTGGCACGTAGTTAGCCGGGGCTTCTTAGTCAGGTACCGTCATTTTCTTCCCTGCTGATAGAGCTTTACATACCGAAATACTTCTTCACTCACGCGGCGTCGCTGCATCAGGGTTCCCCCCATTGTGCAATATTCCCCACTGCTGCCTNNNGTACTTTNNNNNNGGNTTNNNN"
"4","31-KCC-A-1-overtop_H06.ab1","trimmed","GGTCAGAAGGATGTCAAGACCAGGTAAGGTTCTTCGCGTTGCTTCGAATTAAACCACATGCTCCACCGCTTGTGCGGGTCCCCGTCAATTCCTTTGAGTTTCATTCTTGCGAACGTACTCCCCAGGTGGAATACTTATTGCGTTGGCTGCGGCACCGAAGCCTCTACGGCCCCGACACCTAGTATTCATCGTTTACGGCGTGGACTACCAGGGTATCTAATCCTGTTTGCTCCCCACGCTTTCGTGCCTCAGTGTCAGTTTCAGTCCAGTAAGCCGCCTTCGCCACTGATGTTCCTCCTAATATCTACGCATTTCACCGCTACACTAGGAATTCCGCTTACCTCTCCTGCACTCCAGTCTGACAGTTTCAAAAGCAGTCCCAGAGTTAAGCCCTGGGTTTTCACTTCTGACTTGCCATACCACCTACGCACCCTTTACACCCAGTAATTCCGGATAACGCTTGCCCCCTACGTATTACCGCGGCTGCTGGCACGTAGTTAGCCGGGGCTTCTTAGTCAGGTACCGTCATTTTCTTCCCTGCTGATAGAGCTTTACATACCGAAATACTTCTTCACTCACGCGGCGTCGCTGCATCAGGGTTCCCCCCATTGTGCAATATTCCCCACTGCTGCCT"
"5","31-KCC-A-2-Lawn_G06.ab1","raw","NNNNNNNNNNNNNNNNTGCNNNNCCTGTTTTCNTGTCCCCGAAGGGAGGGANCTATCTCTAGGTCTTTCACTCAATGTCAAGCCTTGGTAAGGTTCTTCGCGTTGCGTCGAATTAAACCACATACTCCACCGCTTGTGCGGGCCCCCGTCAATTCCTTTGAGTTTCAATCTTGCGATCGTAGTCCCCAGGCGGGATACTTATTGCGTTAACTCCGGCACAGAAGGGGTCGATACCTCCTACACCTAGTATCCATCGTTTACGGCCAGGACTACCGGGGTATCTAATCCCGTTTGCTACCCTGGCTTTCGCATCTCAGCGTCAGACACAGTCCAGAAAGGCGCCTTCGCCACTGGTGTTCCTCCCAATATCTACGCATTTCACCGCTACACTGGGAATTCCCCTTTCCTCTCCTGCACTCAAGACTTCCAGTATCCAACGCCATACGGGGTTAAGCCCCGCATTTTCACGTCAGACTTAAAAGCCCGCCTACATGCTCTTTACGCCCAATAATTCCGGACAACGCTTGCCACCTACGTATTACCGCGGCTGCTGGCACGTAGTTAGCCGTGGCTTCCTCGTTAGGTACCGTCAACACCATGACCTGTTCGAACACGGTGCTTTCGTCCCTAACAACAGAGTTTTACAATCCGAAGACCTTCATCACTCACGCGGCGTTGCTCCGTCAGACTTTCGTCCATTGCGGAAGATTCCCCACTGCTGCCTNCCGTACTTNNNNNNGGGTAANNNNN"
"6","31-KCC-A-2-Lawn_G06.ab1","trimmed","CTATCTCTAGGTCTTTCACTCAATGTCAAGCCTTGGTAAGGTTCTTCGCGTTGCGTCGAATTAAACCACATACTCCACCGCTTGTGCGGGCCCCCGTCAATTCCTTTGAGTTTCAATCTTGCGATCGTAGTCCCCAGGCGGGATACTTATTGCGTTAACTCCGGCACAGAAGGGGTCGATACCTCCTACACCTAGTATCCATCGTTTACGGCCAGGACTACCGGGGTATCTAATCCCGTTTGCTACCCTGGCTTTCGCATCTCAGCGTCAGACACAGTCCAGAAAGGCGCCTTCGCCACTGGTGTTCCTCCCAATATCTACGCATTTCACCGCTACACTGGGAATTCCCCTTTCCTCTCCTGCACTCAAGACTTCCAGTATCCAACGCCATACGGGGTTAAGCCCCGCATTTTCACGTCAGACTTAAAAGCCCGCCTACATGCTCTTTACGCCCAATAATTCCGGACAACGCTTGCCACCTACGTATTACCGCGGCTGCTGGCACGTAGTTAGCCGTGGCTTCCTCGTTAGGTACCGTCAACACCATGACCTGTTCGAACACGGTGCTTTCGTCCCTAACAACAGAGTTTTACAATCCGAAGACCTTCATCACTCACGCGGCGTTGCTCCGTCAGACTTTCGTCCATTGCGGAAGATTCCCCACTGCTGCCT"
"7","31-NCC-2-B_B07.ab1","raw","NNNNNNNNNNNNNNNNNNNGNNNNNCTGTNNNNNNNGTCNCCGAAGGNAGGNGANCTATCTCNAGGTCTTTCACTCAATGTCAAGCCTTGGTAAGGTTCTTCGCGTTGCGTCGAATTAAACCACATACTCCACCGCTTGTGCGGGCCCCCGTCAATTCCTTTGAGTTTCAATCTTGCGATCGTAGTCCCCAGGCGGGATACTTATTGCGTTAACTCCGGCACAGAAGGGGTCGATACCTCCTACACCTAGTATCCATCGTTTACGGCCAGGACTACCGGGGTATCTAATCCCGTTTGCTACCCTGGCTTTCGCATCTCAGCGTCAGACACAGTCCAGAAAGGCGCCTTCGCCACTGGTGTTCCTCCCAATATCTACGCATTTCACCGCTACACTGGGAATTCCCCTTTCCTCTCCTGCACTCAAGACTTCCAGTATCCAACGCCATACGGGGTTAAGCCCCGCATTTTCACGTCAGACTTAAAAGCCCGCCTACATGCTCTTTACGCCCAATAATTCCGGACAACGCTTGCCACCTACGTATTACCGCGGCTGCTGGCACGTAGTTAGCCGTGGCTTCCTCGTTAGGTACCGTCAACACCATGACCTGTTCGAACACGGTGCTTTCGTCCCTAACAACAGAGTTTTACAATCCGAAGACCTTCATCACTCACGCGGCGTTGCTCCGTCAGACTTTCGTCCATTGCGGAAGATTCCCCACTGCTGCCTNCCGTACTTTNNNNNNNGGNTTAANNANN"
"8","31-NCC-2-B_B07.ab1","trimmed","AGGTCTTTCACTCAATGTCAAGCCTTGGTAAGGTTCTTCGCGTTGCGTCGAATTAAACCACATACTCCACCGCTTGTGCGGGCCCCCGTCAATTCCTTTGAGTTTCAATCTTGCGATCGTAGTCCCCAGGCGGGATACTTATTGCGTTAACTCCGGCACAGAAGGGGTCGATACCTCCTACACCTAGTATCCATCGTTTACGGCCAGGACTACCGGGGTATCTAATCCCGTTTGCTACCCTGGCTTTCGCATCTCAGCGTCAGACACAGTCCAGAAAGGCGCCTTCGCCACTGGTGTTCCTCCCAATATCTACGCATTTCACCGCTACACTGGGAATTCCCCTTTCCTCTCCTGCACTCAAGACTTCCAGTATCCAACGCCATACGGGGTTAAGCCCCGCATTTTCACGTCAGACTTAAAAGCCCGCCTACATGCTCTTTACGCCCAATAATTCCGGACAACGCTTGCCACCTACGTATTACCGCGGCTGCTGGCACGTAGTTAGCCGTGGCTTCCTCGTTAGGTACCGTCAACACCATGACCTGTTCGAACACGGTGCTTTCGTCCCTAACAACAGAGTTTTACAATCCGAAGACCTTCATCACTCACGCGGCGTTGCTCCGTCAGACTTTCGTCCATTGCGGAAGATTCCCCACTGCTGCCT"
"9","31-NCC-B-1-Contam_A07.ab1","raw","NNNNNNNNNNNNNNNNNNGNNNNNNNNTGTCACTCCTGTCCCGAAGNNNNGGNANCGGTTAAGANACCGGTCAGAAGGATGTCAAGACCAGGTAAGGTTCTTCGCGTTGCTTCGAATTAAACCACATGCTCCACCGCTTGTGCGGGTCCCCGTCAATTCCTTTGAGTTTCATTCTTGCGAACGTACTCCCCAGGTGGAATACTTATTGCGTTGGCTGCGGCACCGAAGCCTCTACGGCCCCGACACCTAGTATTCATCGTTTACGGCGTGGACTACCAGGGTATCTAATCCTGTTTGCTCCCCACGCTTTCGTGCCTCAGTGTCAGTTTCAGTCCAGTAAGCCGCCTTCGCCACTGATGTTCCTCCTAATATCTACGCATTTCACCGCTACACTAGGAATTCCGCTTACCTCTCCTGCACTCCAGTCTGACAGTTTCAAAAGCAGTCCCAGAGTTAAGCCCTGGGTTTTCACTTCTGACTTGCCATACCACCTACGCACCCTTTACACCCAGTAATTCCGGATAACGCTTGCCCCCTACGTATTACCGCGGCTGCTGGCACGTAGTTAGCCGGGGCTTCTTAGTCAGGTACCGTCATTTTCTTCCCTGCTGATAGAGCTTTACATACCGAAATACTTCTTCACTCACGCGGCGTCGCTGCATCAGGGTTCCCCCCATTGTGCAATATTCCCCACTGCTGCCTNCCGTACTTTNNNNNNGGNNTNNN"
"10","31-NCC-B-1-Contam_A07.ab1","trimmed","ACCGGTCAGAAGGATGTCAAGACCAGGTAAGGTTCTTCGCGTTGCTTCGAATTAAACCACATGCTCCACCGCTTGTGCGGGTCCCCGTCAATTCCTTTGAGTTTCATTCTTGCGAACGTACTCCCCAGGTGGAATACTTATTGCGTTGGCTGCGGCACCGAAGCCTCTACGGCCCCGACACCTAGTATTCATCGTTTACGGCGTGGACTACCAGGGTATCTAATCCTGTTTGCTCCCCACGCTTTCGTGCCTCAGTGTCAGTTTCAGTCCAGTAAGCCGCCTTCGCCACTGATGTTCCTCCTAATATCTACGCATTTCACCGCTACACTAGGAATTCCGCTTACCTCTCCTGCACTCCAGTCTGACAGTTTCAAAAGCAGTCCCAGAGTTAAGCCCTGGGTTTTCACTTCTGACTTGCCATACCACCTACGCACCCTTTACACCCAGTAATTCCGGATAACGCTTGCCCCCTACGTATTACCGCGGCTGCTGGCACGTAGTTAGCCGGGGCTTCTTAGTCAGGTACCGTCATTTTCTTCCCTGCTGATAGAGCTTTACATACCGAAATACTTCTTCACTCACGCGGCGTCGCTGCATCAGGGTTCCCCCCATTGTGCAATATTCCCCACTGCTGCCT"
"11","A1-4_E06.ab1","raw","NNNNN"
"12","A1-4_E06.ab1","trimmed","no sequence detected after trimming"
"13","B1-4_D06.ab1","raw","NNNNNNNNNNNNNNNNNNNNNNNNNNNNNNNTCTCTCTNCNCCGANNNNNNNNNTNNANATCTCTACAGTCGTCAGAGGATGTCAAGCCTTGGTAAGGTTCTTCGCGTTGCTTCGAATTAAACCACATGCTCCGCTGCTTGTGCGGGCCCCCGTCAATTCCTTTGAGTTTCAACCTTGCGATCGTACTCCCCAGGCGGGATACTTAATGCGTTTGCTTCGGCACGGAACCCTATCGGGCCCCACACCTAGTATCCATCGTTTACGGCGTGGACTACCAGGGTATCTAATCCTGTTTGCTCCCCACGCTTTCGTGCCTCAGTGTCAGTTACAGTCCAGAAAGTCGCCTTCGCCACTGGTGTTCCTCCTAATATCTACGCATTTCACCGCTACACTAGGAATTCCACTTCCCTCTCCTGTACTCAAGTCACACAGTTTCAAATGCAACCCCGGGGTTAAGCCCCGGTCTTTCACATCTGACTTACATGACCACCTACGCACCCTTTACGCCCAGTAATTCCGGACAACGCTTGCTCCCTACGTATTACCGCGGCTGCTGGCACGTAGTTAGCCGGAGCTTCCTCCTATGGTACCGTCATTTCTTTCGTCCCATAGGACAAAGGTTTACAATCCGAAGACCTTCTTCCCTCACGCGGCGTTGCTGGGTCAGGGTTTCCCCCATTGCCCAATATTCCCCACTGCTGCCTNCCGTACTTTANNNNNNGGTTNNNNN"
"14","B1-4_D06.ab1","trimmed","ATCTCTACAGTCGTCAGAGGATGTCAAGCCTTGGTAAGGTTCTTCGCGTTGCTTCGAATTAAACCACATGCTCCGCTGCTTGTGCGGGCCCCCGTCAATTCCTTTGAGTTTCAACCTTGCGATCGTACTCCCCAGGCGGGATACTTAATGCGTTTGCTTCGGCACGGAACCCTATCGGGCCCCACACCTAGTATCCATCGTTTACGGCGTGGACTACCAGGGTATCTAATCCTGTTTGCTCCCCACGCTTTCGTGCCTCAGTGTCAGTTACAGTCCAGAAAGTCGCCTTCGCCACTGGTGTTCCTCCTAATATCTACGCATTTCACCGCTACACTAGGAATTCCACTTCCCTCTCCTGTACTCAAGTCACACAGTTTCAAATGCAACCCCGGGGTTAAGCCCCGGTCTTTCACATCTGACTTACATGACCACCTACGCACCCTTTACGCCCAGTAATTCCGGACAACGCTTGCTCCCTACGTATTACCGCGGCTGCTGGCACGTAGTTAGCCGGAGCTTCCTCCTATGGTACCGTCATTTCTTTCGTCCCATAGGACAAAGGTTTACAATCCGAAGACCTTCTTCCCTCACGCGGCGTTGCTGGGTCAGGGTTTCCCCCATTGCCCAATATTCCCCACTGCTGCCT"
"15","B14-008(1)_D01.ab1","raw","NNNNNNNNNNNNNNNNNNNNTGNACCACCTGTNACTCTGCTCCCGAAGGAGAAGCNCCTATCTCTAGGGTTTTCAGAGGATGTCAAGACCTGGTAAGGTTCTTCGCGTTGCTTCGAATTAAACCACATGCTCCACCGCTTGTGCGGGCCCCCGTCAATTCCTTTGAGTTTCAGCCTTGCGGCCGTACTCCCCAGGCGGAGTGCTTAATGCGTTAACTTCAGCACTAAAGGGCGGAAACCCTCTAACACTTAGCACTCATCGTTTACGGCGTGGACTACCAGGGTATCTAATCCTGTTTGCTCCCCACGCTTTCGCGCCTCAGTGTCAGTTACAGACCAGAAAGTCGCCTTCGCCACTGGTGTTCCTCCATATCTCTACGCATTTCACCGCTACACATGGAATTCCACTTTCCTCTTCTGCACTCAAGTCTCCCAGTTTCCAATGACCCTCCACGGTTGAGCCGTGGGCTTTCACATCAGACTTAAGAAACCACCTGCGCGCGCTTTACGCCCAATAATTCCGGATAACGCTTGCCACCTACGTATTACCGCGGCTGCTGGCACGTAGTTAGCCGTGGCTTTCTGGTTAGGTACCGTCAAGGTGCCAGCTTATTCAACTAGCACTTGTTCTTCCCTAACAACAGAGTTTTACGACCCGAAAGCCTTCATCACTCACGCGGCGTTGCTCCGTCAGACTTTCGTCCATTGCGGAAGANTCCCTACTGCTGNNTNCCGTACTTTANNNNNGGNNNNNN"
"16","B14-008(1)_D01.ab1","trimmed","CCTATCTCTAGGGTTTTCAGAGGATGTCAAGACCTGGTAAGGTTCTTCGCGTTGCTTCGAATTAAACCACATGCTCCACCGCTTGTGCGGGCCCCCGTCAATTCCTTTGAGTTTCAGCCTTGCGGCCGTACTCCCCAGGCGGAGTGCTTAATGCGTTAACTTCAGCACTAAAGGGCGGAAACCCTCTAACACTTAGCACTCATCGTTTACGGCGTGGACTACCAGGGTATCTAATCCTGTTTGCTCCCCACGCTTTCGCGCCTCAGTGTCAGTTACAGACCAGAAAGTCGCCTTCGCCACTGGTGTTCCTCCATATCTCTACGCATTTCACCGCTACACATGGAATTCCACTTTCCTCTTCTGCACTCAAGTCTCCCAGTTTCCAATGACCCTCCACGGTTGAGCCGTGGGCTTTCACATCAGACTTAAGAAACCACCTGCGCGCGCTTTACGCCCAATAATTCCGGATAACGCTTGCCACCTACGTATTACCGCGGCTGCTGGCACGTAGTTAGCCGTGGCTTTCTGGTTAGGTACCGTCAAGGTGCCAGCTTATTCAACTAGCACTTGTTCTTCCCTAACAACAGAGTTTTACGACCCGAAAGCCTTCATCACTCACGCGGCGTTGCTCCGTCAGACTTTCGTCCATTGCGGAAGA"
"17","B16-008_E01.ab1","raw","NNNNNNNNNNNNNNNNNNNTGCACCACCTGTCACCNNTGTTCCGAAGAAAAGGANACATTACTGTCCGGTCACCNGGGATGTCAAGACTTGGTAAGGTTCTTCGCGTTGCTTCGAATTAAACCACATGCTCCACCGCTTGTGCGGGTCCCCGTCAATTCCTTTGAGTTTCATTCTTGCGAACGTACTCCCCAGGTGGAATACTTAATGCGTTTGCGGCGGCACCGAAAAGCTGTGCTTTCCGACACCTAGTATTCATCGTTTACGGCGTGGACTACCAGGGTATCTAATCCTGTTTGCTCCCCACGCTTTCGAGCCTCAGCGTCAGTTATCGTCCAGTAAGCCGCCTTCGCCACTGGTGTTCCTCCTAATATCTACGCATTTCACCGCTACACTAGGAATTCCACTTACCCCTCCGACACTCTAGATGACCAGTTTCCAATGCAGTACCGGGGTTGAGCCCCGGGCTTTCACATCAGACTTAGCCTTCCGCCTGCGCTCCCTTTACACCCAGTAAATCCGGATAACGCTTGCACCATACGTATTACCGCGGCTGCTGGCACGTATTTAGCCGGTGCTTCTTAGTCAGGTACCGTCATTTCTTCTTCCCTGCTGATAGAGCTTTACATACCGAAATACTTCTTCGCTCACGCGGCGTCGCTGCATCAGGGTTTCCCCCATTGTGCAATATTCCCCACTGCTGCCTTCCGTACTTTNNNNNNGGGTNNNN"
"18","B16-008_E01.ab1","trimmed","ACATTACTGTCCGGTCACCNGGGATGTCAAGACTTGGTAAGGTTCTTCGCGTTGCTTCGAATTAAACCACATGCTCCACCGCTTGTGCGGGTCCCCGTCAATTCCTTTGAGTTTCATTCTTGCGAACGTACTCCCCAGGTGGAATACTTAATGCGTTTGCGGCGGCACCGAAAAGCTGTGCTTTCCGACACCTAGTATTCATCGTTTACGGCGTGGACTACCAGGGTATCTAATCCTGTTTGCTCCCCACGCTTTCGAGCCTCAGCGTCAGTTATCGTCCAGTAAGCCGCCTTCGCCACTGGTGTTCCTCCTAATATCTACGCATTTCACCGCTACACTAGGAATTCCACTTACCCCTCCGACACTCTAGATGACCAGTTTCCAATGCAGTACCGGGGTTGAGCCCCGGGCTTTCACATCAGACTTAGCCTTCCGCCTGCGCTCCCTTTACACCCAGTAAATCCGGATAACGCTTGCACCATACGTATTACCGCGGCTGCTGGCACGTATTTAGCCGGTGCTTCTTAGTCAGGTACCGTCATTTCTTCTTCCCTGCTGATAGAGCTTTACATACCGAAATACTTCTTCGCTCACGCGGCGTCGCTGCATCAGGGTTTCCCCCATTGTGCAATATTCCCCACTGCTGCCTTCCGTACTTT"
"19","B30-008_F01.ab1","raw","NNNNNNNNNNNNNNNNNNNTGCAGCACCTGTCTCACNGGTTCCCGAAGGCACANNNTNCNNCATCTCTNNNAAANTTCNCGTGGATGTCAAGACCAGGTAAGGTTCTTCGCGTTGCATCGAATTAAACCACATGCTCCACCGCTTGTGCGGGCCCCCGTCAATTCATTTGAGTTTTAACCTTGCGGCCGTACTCCCCAGGCGGTCGACTTAACGCGTTAGCTCCGGAAGCCACGCCTCAAGGGCACAACCTCCAAGTCGACATCGTTTACGGCGTGGACTACCAGGGTATCTAATCCTGTTTGCTCCCCACGCTTTCGCACCTGAGCGTCAGTCTTCGTCCAGGGGGCCGCCTTCGCCACCGGTATTCCTCCAGATCTCTACGCATTTCACCGCTACACCTGGAATTCTACCCCCCTCTACGAGACTCAAGCTTGCCAGTATCAGATGCAGTTCCCAGGTTGAGCCCGGGGATTTCACATCTGACTTAACAAACCGCCTGCGTGCGCTTTACGCCCAGTAATTCCGATTAACGCTTGCACCCTCCGTATTACCGCGGCTGCTGGCACGGAGTTAGCCGGTGCTTCTTCTGCGGGTAACGTCAATGAGCAAAGGTATTAACTTTACTCCCTTCCTCCCCGCTGAAAGTACTTTACAACCCGAAGGCCTTCTTCATACACGCGGCATGGCTGCATCAGGCTTGCGCCCATTGTGCAATATTCCCCACTGCTGCCTTCCGTACTTTNNNNNNNGNNNNNNANN"
"20","B30-008_F01.ab1","trimmed","CGTGGATGTCAAGACCAGGTAAGGTTCTTCGCGTTGCATCGAATTAAACCACATGCTCCACCGCTTGTGCGGGCCCCCGTCAATTCATTTGAGTTTTAACCTTGCGGCCGTACTCCCCAGGCGGTCGACTTAACGCGTTAGCTCCGGAAGCCACGCCTCAAGGGCACAACCTCCAAGTCGACATCGTTTACGGCGTGGACTACCAGGGTATCTAATCCTGTTTGCTCCCCACGCTTTCGCACCTGAGCGTCAGTCTTCGTCCAGGGGGCCGCCTTCGCCACCGGTATTCCTCCAGATCTCTACGCATTTCACCGCTACACCTGGAATTCTACCCCCCTCTACGAGACTCAAGCTTGCCAGTATCAGATGCAGTTCCCAGGTTGAGCCCGGGGATTTCACATCTGACTTAACAAACCGCCTGCGTGCGCTTTACGCCCAGTAATTCCGATTAACGCTTGCACCCTCCGTATTACCGCGGCTGCTGGCACGGAGTTAGCCGGTGCTTCTTCTGCGGGTAACGTCAATGAGCAAAGGTATTAACTTTACTCCCTTCCTCCCCGCTGAAAGTACTTTACAACCCGAAGGCCTTCTTCATACACGCGGCATGGCTGCATCAGGCTTGCGCCCATTGTGCAATATTCCCCACTGCTGCCTTCCGTACTTT"
"21","B36-008_G01.ab1","raw","NNNNNNNNNNNNNNNNNATGCAGCACCTTCNNNNNNNGCCTTACGGCTATACTGTTTCCAATATATTCTGTTGCAATTTAAGCCCGGGTAAGGTTCCTCGCGTATCATCGAATTAAACCACATGTTCCTCCGCTTGTGCGGGCCCCCGTCAATTCCTTTGAGTTTCACCGTTGCCGGCGTACTCCCCAGGTGGAATACTTAATGCTTTCGCTTGGCCGCTTACTGTATATCGCAAACAGCGAGTATTCATCGTTTACTGTGTGGACTACCAGGGTATCTAATCCTGTTTGATACCCACACTTTCGAGCATCAGTGTCAGTGACAGTCTAGTGAGCTGCCTTCGCAATCGGAGTTCTTCGTGATATCTAAGCATTTCACCGCTACACCACGAATTCCGCCCACCTCTACTGTACTCAAGACTGCCAGTTTCAACTGCAATTTTACGGTTGAGCCGCAAACTTTCACAACTGACTTAACAATCCACCTACGCTCCCTTTAAACCCAATAAATCCGGATAACGCTCGGATCCTCCGTATTACCGCGGCTGCTGGCACGGAGTTAGCCGATCCTTATTCATATGGTACATACAAAATTCCACACGTGGAATACTTTATTCCCATATAAAAGAAGTTTACGACCCATAGAGCCTTCATCCTTCACGCTACTTGGCTGGTTCAGGCTCTCGCCCATTGACCAATATTCCTCACTGCTGCCTNCCGTACTTTNNNNNGGGNNNNNNANN"
"22","B36-008_G01.ab1","trimmed","GCCTTACGGCTATACTGTTTCCAATATATTCTGTTGCAATTTAAGCCCGGGTAAGGTTCCTCGCGTATCATCGAATTAAACCACATGTTCCTCCGCTTGTGCGGGCCCCCGTCAATTCCTTTGAGTTTCACCGTTGCCGGCGTACTCCCCAGGTGGAATACTTAATGCTTTCGCTTGGCCGCTTACTGTATATCGCAAACAGCGAGTATTCATCGTTTACTGTGTGGACTACCAGGGTATCTAATCCTGTTTGATACCCACACTTTCGAGCATCAGTGTCAGTGACAGTCTAGTGAGCTGCCTTCGCAATCGGAGTTCTTCGTGATATCTAAGCATTTCACCGCTACACCACGAATTCCGCCCACCTCTACTGTACTCAAGACTGCCAGTTTCAACTGCAATTTTACGGTTGAGCCGCAAACTTTCACAACTGACTTAACAATCCACCTACGCTCCCTTTAAACCCAATAAATCCGGATAACGCTCGGATCCTCCGTATTACCGCGGCTGCTGGCACGGAGTTAGCCGATCCTTATTCATATGGTACATACAAAATTCCACACGTGGAATACTTTATTCCCATATAAAAGAAGTTTACGACCCATAGAGCCTTCATCCTTCACGCTACTTGGCTGGTTCAGGCTCTCGCCCATTGACCAATATTCCTCACTGCTGCCT"
"23","B37(1)-008_H01.ab1","raw","NNNNNNNNNNNNNNNNNNGNNNNNNTGTCNNTNNGCTCCCGAAGGANANNNNNNATCTCTAGGGTTTTCAGAGGATGTCAAGACCTGGTAAGGTTCTTCGCGTTGCTTCGAATTAAACCACATGCTCCACCGCTTGTGCGGGCCCCCGTCAATTCCTTTGAGTTTCAGCCTTGCGGCCGTACTCCCCAGGCGGAGTGCTTAATGCGTTAACTTCAGCACTAAAGGGCGGAAACCCTCTAACACTTAGCACTCATCGTTTACGGCGTGGACTACCAGGGTATCTAATCCTGTTTGCTCCCCACGCTTTCGCGCCTCAGTGTCAGTTACAGACCAGAAAGTCGCCTTCGCCACTGGTGTTCCTCCATATCTCTACGCATTTCACCGCTACACATGGAATTCCACTTTCCTCTTCTGCACTCAAGTCTCCCAGTTTCCAATGACCCTCCACGGTTGAGCCGTGGGCTTTCACATCAGACTTAAGAAACCACCTGCGCGCGCTTTACGCCCAATAATTCCGGATAACGCTTGCCACCTACGTATTACCGCGGCTGCTGGCACGTAGTTAGCCGTGGCTTTCTGGTTAGGTACCGTCAAGGTGCCAGCTTATTCAACTAGCACTTGTTCTTCCCTAACAACAGAGTTTTACGACCCGAAAGCCTTCATCACTCACGCGGCGTTGCTCCGTCAGACTTTCGTCCATTGCGGAAGATTCCCTACTGCNNNNNNCCGTACTTTAGTGNNNGGTTANNN"
"24","B37(1)-008_H01.ab1","trimmed","ATCTCTAGGGTTTTCAGAGGATGTCAAGACCTGGTAAGGTTCTTCGCGTTGCTTCGAATTAAACCACATGCTCCACCGCTTGTGCGGGCCCCCGTCAATTCCTTTGAGTTTCAGCCTTGCGGCCGTACTCCCCAGGCGGAGTGCTTAATGCGTTAACTTCAGCACTAAAGGGCGGAAACCCTCTAACACTTAGCACTCATCGTTTACGGCGTGGACTACCAGGGTATCTAATCCTGTTTGCTCCCCACGCTTTCGCGCCTCAGTGTCAGTTACAGACCAGAAAGTCGCCTTCGCCACTGGTGTTCCTCCATATCTCTACGCATTTCACCGCTACACATGGAATTCCACTTTCCTCTTCTGCACTCAAGTCTCCCAGTTTCCAATGACCCTCCACGGTTGAGCCGTGGGCTTTCACATCAGACTTAAGAAACCACCTGCGCGCGCTTTACGCCCAATAATTCCGGATAACGCTTGCCACCTACGTATTACCGCGGCTGCTGGCACGTAGTTAGCCGTGGCTTTCTGGTTAGGTACCGTCAAGGTGCCAGCTTATTCAACTAGCACTTGTTCTTCCCTAACAACAGAGTTTTACGACCCGAAAGCCTTCATCACTCACGCGGCGTTGCTCCGTCAGACTTTCGTCCATTGCGGAAGATTCCCTACTGCNNNNNNCCGTACTTTAGTG"
"25","B40(J)-008_A02.ab1","raw","NNNNNNNNNNNNNNNNGNNNTGNNNNNNCTGTTTTCGTGTCCCCGAAGGGAGGGANCTATCTCTAGGTCTTTCACTCAATGTCAAGCCTTGGTAAGGTTCTTCGCGTTGCGTCGAATTAAACCACATACTCCACCGCTTGTGCGGGCCCCCGTCAATTCCTTTGAGTTTCAATCTTGCGATCGTAGTCCCCAGGCGGGATACTTATTGCGTTAACTCCGGCACAGAAGGGGTCGATACCTCCTACACCTAGTATCCATCGTTTACGGCCAGGACTACCGGGGTATCTAATCCCGTTTGCTACCCTGGCTTTCGCATCTCAGCGTCAGACACAGTCCAGAAAGGCGCCTTCGCCACTGGTGTTCCTCCCAATATCTACGCATTTCACCGCTACACTGGGAATTCCCCTTTCCTCTCCTGCACTCAAGACTTCCAGTATCCAACGCCATACGGGGTTAAGCCCCGCATTTTCACGTCAGACTTAAAAGCCCGCCTACATGCTCTTTACGCCCAATAATTCCGGACAACGCTTGCCACCTACGTATTACCGCGGCTGCTGGCACGTAGTTAGCCGTGGCTTCCTCGTTAGGTACCGTCAACACCATGACCTGTTCGAACACGGTGCTTTCGTCCCTAACAACAGAGTTTTACAATCCGAAGACCTTCATCACTCACGCGGCGTTGCTCCGTCAGACTTTCGTCCATTGCGGAAGANTCCCCACTGCTGCCTNCNGTACTTTNNNNNNGGGTTAANNNN"
"26","B40(J)-008_A02.ab1","trimmed","CTATCTCTAGGTCTTTCACTCAATGTCAAGCCTTGGTAAGGTTCTTCGCGTTGCGTCGAATTAAACCACATACTCCACCGCTTGTGCGGGCCCCCGTCAATTCCTTTGAGTTTCAATCTTGCGATCGTAGTCCCCAGGCGGGATACTTATTGCGTTAACTCCGGCACAGAAGGGGTCGATACCTCCTACACCTAGTATCCATCGTTTACGGCCAGGACTACCGGGGTATCTAATCCCGTTTGCTACCCTGGCTTTCGCATCTCAGCGTCAGACACAGTCCAGAAAGGCGCCTTCGCCACTGGTGTTCCTCCCAATATCTACGCATTTCACCGCTACACTGGGAATTCCCCTTTCCTCTCCTGCACTCAAGACTTCCAGTATCCAACGCCATACGGGGTTAAGCCCCGCATTTTCACGTCAGACTTAAAAGCCCGCCTACATGCTCTTTACGCCCAATAATTCCGGACAACGCTTGCCACCTACGTATTACCGCGGCTGCTGGCACGTAGTTAGCCGTGGCTTCCTCGTTAGGTACCGTCAACACCATGACCTGTTCGAACACGGTGCTTTCGTCCCTAACAACAGAGTTTTACAATCCGAAGACCTTCATCACTCACGCGGCGTTGCTCCGTCAGACTTTCGTCCATTGCGGAAGANTCCCCACTGCTGCCT"
"27","B40(K)-008_B02.ab1","raw","NNNNNNNNNNNNNNNNNNNTGCANNNCCTGTTTTCGTGTCCCCGAAGGGAGGGACCTATCTCTAGGTCTTTCACTCAATGTCAAGCCTTGGTAAGGTTCTTCGCGTTGCGTCGAATTAAACCACATACTCCACCGCTTGTGCGGGCCCCCGTCAATTCCTTTGAGTTTCAATCTTGCGATCGTAGTCCCCAGGCGGGATACTTATTGCGTTAACTCCGGCACAGAAGGGGTCGATACCTCCTACACCTAGTATCCATCGTTTACGGCCAGGACTACCGGGGTATCTAATCCCGTTTGCTACCCTGGCTTTCGCATCTCAGCGTCAGACACAGTCCAGAAAGGCGCCTTCGCCACTGGTGTTCCTCCCAATATCTACGCATTTCACCGCTACACTGGGAATTCCCCTTTCCTCTCCTGCACTCAAGACTTCCAGTATCCAACGCCATACGGGGTTAAGCCCCGCATTTTCACGTCAGACTTAAAAGCCCGCCTACATGCTCTTTACGCCCAATAATTCCGGACAACGCTTGCCACCTACGTATTACCGCGGCTGCTGGCACGTAGTTAGCCGTGGCTTCCTCGTTAGGTACCGTCAACACCATGACCTGTTCGAACACGGTGCTTTCGTCCCTAACAACAGAGTTTTACAATCCGAAGACCTTCATCACTCACGCGGCGTTGCTCCGTCAGACTTTCGTCCATTGCGGAAGATTCCCCACTGCTGCCTNNNGTACTTTNNNNNGGNNNAANNNNN"
"28","B40(K)-008_B02.ab1","trimmed","CCTGTTTTCGTGTCCCCGAAGGGAGGGACCTATCTCTAGGTCTTTCACTCAATGTCAAGCCTTGGTAAGGTTCTTCGCGTTGCGTCGAATTAAACCACATACTCCACCGCTTGTGCGGGCCCCCGTCAATTCCTTTGAGTTTCAATCTTGCGATCGTAGTCCCCAGGCGGGATACTTATTGCGTTAACTCCGGCACAGAAGGGGTCGATACCTCCTACACCTAGTATCCATCGTTTACGGCCAGGACTACCGGGGTATCTAATCCCGTTTGCTACCCTGGCTTTCGCATCTCAGCGTCAGACACAGTCCAGAAAGGCGCCTTCGCCACTGGTGTTCCTCCCAATATCTACGCATTTCACCGCTACACTGGGAATTCCCCTTTCCTCTCCTGCACTCAAGACTTCCAGTATCCAACGCCATACGGGGTTAAGCCCCGCATTTTCACGTCAGACTTAAAAGCCCGCCTACATGCTCTTTACGCCCAATAATTCCGGACAACGCTTGCCACCTACGTATTACCGCGGCTGCTGGCACGTAGTTAGCCGTGGCTTCCTCGTTAGGTACCGTCAACACCATGACCTGTTCGAACACGGTGCTTTCGTCCCTAACAACAGAGTTTTACAATCCGAAGACCTTCATCACTCACGCGGCGTTGCTCCGTCAGACTTTCGTCCATTGCGGAAGATTCCCCACTGCTGCCT"
"29","B40(L)-008_C02.ab1","raw","NNNNNNNNNNNNNNNNNNNNTGCACCACCTGTTTTCGTGTCCCCGAAGGGAGGGACCTATCTCTAGGTCTTTCACTCAATGTCAAGCCTTGGTAAGGTTCTTCGCGTTGCGTCGAATTAAACCACATACTCCACCGCTTGTGCGGGCCCCCGTCAATTCCTTTGAGTTTCAATCTTGCGATCGTAGTCCCCAGGCGGGATACTTATTGCGTTAACTCCGGCACAGAAGGGGTCGATACCTCCTACACCTAGTATCCATCGTTTACGGCCAGGACTACCGGGGTATCTAATCCCGTTTGCTACCCTGGCTTTCGCATCTCAGCGTCAGACACAGTCCAGAAAGGCGCCTTCGCCACTGGTGTTCCTCCCAATATCTACGCATTTCACCGCTACACTGGGAATTCCCCTTTCCTCTCCTGCACTCAAGACTTCCAGTATCCAACGCCATACGGGGTTAAGCCCCGCATTTTCACGTCAGACTTAAAAGCCCGCCTACATGCTCTTTACGCCCAATAATTCCGGACAACGCTTGCCACCTACGTATTACCGCGGCTGCTGGCACGTAGTTAGCCGTGGCTTCCTCGTTAGGTACCGTCAACACCATGACCTGTTCGAACACGGTGCTTTCGTCCCTAACAACAGAGTTTTACAATCCGAAGACCTTCATCACTCACGCGGCGTTGCTCCGTCAGACTTTCGTCCATTGCGGAAGATTCCCCACTGCTGCCTNCCGTACTTTNNNNNNGGNTNNNNNNN"
"30","B40(L)-008_C02.ab1","trimmed","TGCACCACCTGTTTTCGTGTCCCCGAAGGGAGGGACCTATCTCTAGGTCTTTCACTCAATGTCAAGCCTTGGTAAGGTTCTTCGCGTTGCGTCGAATTAAACCACATACTCCACCGCTTGTGCGGGCCCCCGTCAATTCCTTTGAGTTTCAATCTTGCGATCGTAGTCCCCAGGCGGGATACTTATTGCGTTAACTCCGGCACAGAAGGGGTCGATACCTCCTACACCTAGTATCCATCGTTTACGGCCAGGACTACCGGGGTATCTAATCCCGTTTGCTACCCTGGCTTTCGCATCTCAGCGTCAGACACAGTCCAGAAAGGCGCCTTCGCCACTGGTGTTCCTCCCAATATCTACGCATTTCACCGCTACACTGGGAATTCCCCTTTCCTCTCCTGCACTCAAGACTTCCAGTATCCAACGCCATACGGGGTTAAGCCCCGCATTTTCACGTCAGACTTAAAAGCCCGCCTACATGCTCTTTACGCCCAATAATTCCGGACAACGCTTGCCACCTACGTATTACCGCGGCTGCTGGCACGTAGTTAGCCGTGGCTTCCTCGTTAGGTACCGTCAACACCATGACCTGTTCGAACACGGTGCTTTCGTCCCTAACAACAGAGTTTTACAATCCGAAGACCTTCATCACTCACGCGGCGTTGCTCCGTCAGACTTTCGTCCATTGCGGAAGATTCCCCACTGCTGCCT"
"31","B40(M)-008_D02.ab1","raw","NNNNNNNNNNNNNNNNNNTGCACCACCTGTTTTCGTGTCCCCGAAGGGAGGGACCTATCTCTAGGTCTTTCACTCAATGTCAAGCCTTGGTAAGGTTCTTCGCGTTGCGTCGAATTAAACCACATACTCCACCGCTTGTGCGGGCCCCCGTCAATTCCTTTGAGTTTCAATCTTGCGATCGTAGTCCCCAGGCGGGATACTTATTGCGTTAACTCCGGCACAGAAGGGGTCGATACCTCCTACACCTAGTATCCATCGTTTACGGCCAGGACTACCGGGGTATCTAATCCCGTTTGCTACCCTGGCTTTCGCATCTCAGCGTCAGACACAGTCCAGAAAGGCGCCTTCGCCACTGGTGTTCCTCCCAATATCTACGCATTTCACCGCTACACTGGGAATTCCCCTTTCCTCTCCTGCACTCAAGACTTCCAGTATCCAACGCCATACGGGGTTAAGCCCCGCATTTTCACGTCAGACTTAAAAGCCCGCCTACATGCTCTTTACGCCCAATAATTCCGGACAACGCTTGCCACCTACGTATTACCGCGGCTGCTGGCACGTAGTTAGCCGTGGCTTCCTCGTTAGGTACCGTCAACACCATGACCTGTTCGAACACGGTGCTTTCGTCCCTAACAACAGAGTTTTACAATCCGAAGACCTTCATCACTCACGCGGCGTTGCTCCGTCAGACTTTCGTCCATTGCGGAAGATTCCCCACTGCTGCCTNNNGTACTTTANNNNNGGNNTNNNNNNNN"
"32","B40(M)-008_D02.ab1","trimmed","TGCACCACCTGTTTTCGTGTCCCCGAAGGGAGGGACCTATCTCTAGGTCTTTCACTCAATGTCAAGCCTTGGTAAGGTTCTTCGCGTTGCGTCGAATTAAACCACATACTCCACCGCTTGTGCGGGCCCCCGTCAATTCCTTTGAGTTTCAATCTTGCGATCGTAGTCCCCAGGCGGGATACTTATTGCGTTAACTCCGGCACAGAAGGGGTCGATACCTCCTACACCTAGTATCCATCGTTTACGGCCAGGACTACCGGGGTATCTAATCCCGTTTGCTACCCTGGCTTTCGCATCTCAGCGTCAGACACAGTCCAGAAAGGCGCCTTCGCCACTGGTGTTCCTCCCAATATCTACGCATTTCACCGCTACACTGGGAATTCCCCTTTCCTCTCCTGCACTCAAGACTTCCAGTATCCAACGCCATACGGGGTTAAGCCCCGCATTTTCACGTCAGACTTAAAAGCCCGCCTACATGCTCTTTACGCCCAATAATTCCGGACAACGCTTGCCACCTACGTATTACCGCGGCTGCTGGCACGTAGTTAGCCGTGGCTTCCTCGTTAGGTACCGTCAACACCATGACCTGTTCGAACACGGTGCTTTCGTCCCTAACAACAGAGTTTTACAATCCGAAGACCTTCATCACTCACGCGGCGTTGCTCCGTCAGACTTTCGTCCATTGCGGAAGATTCCCCACTGCTGCCT"
"33","B5-008_A01.ab1","raw","NNNNNNNNNNNNNNNNNNTGNNNNNNNNTGTCNNNNNGTGTTCNNNNNNNNNNNNNNAANATTACTNANNCCGTCACCGGGATGTCAAGAGCAGGTAAGGTTCTTCGCGTTGCTTCGAATTAAACCACATGCTCCACCGCTTGTGCGGGTCCCCGTCAATTCCTTTGAGTTTCATTCTTGCGAACGTACTCCCCAGGTGGACTACTTATTGCGTTGGCTGCGGCACCGAATGGCTTTGCCACCCGACACCTAGTAGTCATCGTTTACGGCGTGGACTACCAGGGTATCTAATCCTGTTTGCTCCCCACGCTTTCGAGCCTCAACGTCAGTTACCGTCCAGTAAGCCGCCTTCGCCACTGGTGTTCCTCCTAATATCTACGCATTTCACCGCTACACTAGGAATTCCGCTTACCTCTCCGGCACTCCAGATCAACAGTTTCCAATGCAGTCCCGGGGTTGAGCCCCGGGTTTTCACATCAGACTTGCTGCTCCGTCTACGCTCCCTTTACACCCAGTAAATCCGGATAACGCTTGCCCCCTACGTATTACCGCGGCTGCTGGCACGTAGTTAGCCGGGGCTTCTTAGTCAGGTACCGTCATTTTCTTCCCTGCTGATAGAGCTTTACATACCGAAATACTTCTTCGCTCACGCGGCGTCGCTGCATCAGGGTTTCCCCCATTGTGCAATATTCCCCACTGCTGCCTNCCGTACTTTNNNNNNGGGTTNNN"
"34","B5-008_A01.ab1","trimmed","CCGTCACCGGGATGTCAAGAGCAGGTAAGGTTCTTCGCGTTGCTTCGAATTAAACCACATGCTCCACCGCTTGTGCGGGTCCCCGTCAATTCCTTTGAGTTTCATTCTTGCGAACGTACTCCCCAGGTGGACTACTTATTGCGTTGGCTGCGGCACCGAATGGCTTTGCCACCCGACACCTAGTAGTCATCGTTTACGGCGTGGACTACCAGGGTATCTAATCCTGTTTGCTCCCCACGCTTTCGAGCCTCAACGTCAGTTACCGTCCAGTAAGCCGCCTTCGCCACTGGTGTTCCTCCTAATATCTACGCATTTCACCGCTACACTAGGAATTCCGCTTACCTCTCCGGCACTCCAGATCAACAGTTTCCAATGCAGTCCCGGGGTTGAGCCCCGGGTTTTCACATCAGACTTGCTGCTCCGTCTACGCTCCCTTTACACCCAGTAAATCCGGATAACGCTTGCCCCCTACGTATTACCGCGGCTGCTGGCACGTAGTTAGCCGGGGCTTCTTAGTCAGGTACCGTCATTTTCTTCCCTGCTGATAGAGCTTTACATACCGAAATACTTCTTCGCTCACGCGGCGTCGCTGCATCAGGGTTTCCCCCATTGTGCAATATTCCCCACTGCTGCCT"
"35","B7-008_B01.ab1","raw","NNNNNNNNNNNNNNNNNTGNNNNNCCTGTCTTCTCTATAGCTATCTCTCCATCTCNTGGAGNCTTTAGATCGATGTCAAGACCTGGTAAGGTTCTTCGCGTTGCTTCGAATTAAACCACATGCTCCACCGCTTGTGCGGGCCCCCGTCAATTCCTTTGAGTTTCATTCTTGCGAACGTACTACTCAGGCGGAGTACTTATTGCGTTAACTGCAGCACTGAGATTTGACTCCCAACACTTAGTACTCATCGTTTACGGCGTGGACTACTAGGGTATCTAATCCTATTTGCTCCCCACGCTTTCGGGACTGAGCGTCAGTTATGCGCCAGATCGTCGCCTTCGCCACTGGTGTTCCTCCATATATCTACGCATTTCACCGCTACACATGGAATTCCACGATCCTCTCACACACTCTAGCTCTACGGTTTCCATGGCTTACCGAAGTTAAGCTTCGATCTTTCACCACAGACCCTTAGTGCCGCCTGCTCCCTCTTTACGCCCAATAATTCCGGATAACGCTCGCCACCTACGTATTACCGCGGCTGCTGGCACGTAGTTAGCCGTGGCTTTCTTATAGAGTACCGTCACTTGGATATCATTCCCTATATCCACCGTTCTTCCTCTATGACAGAAGTTTACATAACGAATTACTTCTTCCTTCACGCGGCGTTGCTCGGTCAGGGTTTCCCCCATTGCCGAAAATTCCCTACTGCTGCCTNNNGTACTTTNNNNNGGNNNNNN"
"36","B7-008_B01.ab1","trimmed","CTTTAGATCGATGTCAAGACCTGGTAAGGTTCTTCGCGTTGCTTCGAATTAAACCACATGCTCCACCGCTTGTGCGGGCCCCCGTCAATTCCTTTGAGTTTCATTCTTGCGAACGTACTACTCAGGCGGAGTACTTATTGCGTTAACTGCAGCACTGAGATTTGACTCCCAACACTTAGTACTCATCGTTTACGGCGTGGACTACTAGGGTATCTAATCCTATTTGCTCCCCACGCTTTCGGGACTGAGCGTCAGTTATGCGCCAGATCGTCGCCTTCGCCACTGGTGTTCCTCCATATATCTACGCATTTCACCGCTACACATGGAATTCCACGATCCTCTCACACACTCTAGCTCTACGGTTTCCATGGCTTACCGAAGTTAAGCTTCGATCTTTCACCACAGACCCTTAGTGCCGCCTGCTCCCTCTTTACGCCCAATAATTCCGGATAACGCTCGCCACCTACGTATTACCGCGGCTGCTGGCACGTAGTTAGCCGTGGCTTTCTTATAGAGTACCGTCACTTGGATATCATTCCCTATATCCACCGTTCTTCCTCTATGACAGAAGTTTACATAACGAATTACTTCTTCCTTCACGCGGCGTTGCTCGGTCAGGGTTTCCCCCATTGCCGAAAATTCCCTACTGCTGCCT"
"37","B8-008_C01.ab1","raw","NNNNNNNNNNNNNNNNNTGCNNNNNCTGTCACCGNTGCTCCGAAGAGAAAACACATNTACATGNTNTCTGTNCATCGNGGATGTCAAGACTTGGTAAGGTTCTTCGCGTTGCTTCGAATTAAACCACATGCTCCACCGCTTGTGCGGGTCCCCGTCAATTCCTTTGAGTTTCATTCTTGCGAACGTACTCCCCAGGTGGAATACTTATTGCGTTTGCTGCGGCACCGAAGAGCAATGCTCCCCGACACCTAGTATTCATCGTTTACGGCGTGGACTACCAGGGTATCTAATCCTGTTTGCTCCCCACGCTTTCGAGCCTCAGCGTCAGTAATCGTCCAGTAAGCCGCCTTCGCCACTGGTGTTCCTCCTAATATCTACGCATTTCACCGCTACACTAGGAATTCCACTTACCCCTCCGACACTCTAGTCCGACAGTTTCCAATGCAGTACCGGGGTTGAGCCCCGGGCTTTCACATCAGACTTGCCGTACCGCCTGCGCTCCCTTTACACCCAGTAAATCCGGATAACGCTTGCACCATACGTATTACCGCGGCTGCTGGCACGTATTTAGCCGGTGCTTCTTAGTCAGGTACCGTCATTTCTTCTTCCCTGCTGATAGAGCTTTACATACCGAAATACTTCTTCGCTCACGCGGCGTCGCTGCATCAGGGTTTCCCCCATTGTGCAATATTCCCCACTGCTGCCTTCCGTACTTTANGNNNGGGTNNNN"
"38","B8-008_C01.ab1","trimmed","GGATGTCAAGACTTGGTAAGGTTCTTCGCGTTGCTTCGAATTAAACCACATGCTCCACCGCTTGTGCGGGTCCCCGTCAATTCCTTTGAGTTTCATTCTTGCGAACGTACTCCCCAGGTGGAATACTTATTGCGTTTGCTGCGGCACCGAAGAGCAATGCTCCCCGACACCTAGTATTCATCGTTTACGGCGTGGACTACCAGGGTATCTAATCCTGTTTGCTCCCCACGCTTTCGAGCCTCAGCGTCAGTAATCGTCCAGTAAGCCGCCTTCGCCACTGGTGTTCCTCCTAATATCTACGCATTTCACCGCTACACTAGGAATTCCACTTACCCCTCCGACACTCTAGTCCGACAGTTTCCAATGCAGTACCGGGGTTGAGCCCCGGGCTTTCACATCAGACTTGCCGTACCGCCTGCGCTCCCTTTACACCCAGTAAATCCGGATAACGCTTGCACCATACGTATTACCGCGGCTGCTGGCACGTATTTAGCCGGTGCTTCTTAGTCAGGTACCGTCATTTCTTCTTCCCTGCTGATAGAGCTTTACATACCGAAATACTTCTTCGCTCACGCGGCGTCGCTGCATCAGGGTTTCCCCCATTGTGCAATATTCCCCACTGCTGCCTTCCGTACTTTA"
"39","BHI_18_D04.ab1","raw","NNNNNNNNNNNNNNNNNNATGCAGCACCTGTCTCACGGTTCCCGAAGGCACATTCTCATCTCTGAAAACTTCCGTGGATGTCAAGACCAGGTAAGGTTCTTCGCGTTGCATCGAATTAAACCACATGCTCCACCGCTTGTGCGGGCCCCCGTCAATTCATTTGAGTTTTAACCTTGCGGCCGTACTCCCCAGGCGGTCGACTTAACGCGTTAGCTCCGGAAGCCACGCCTCAAGGGCACAACCTCCAAGTCGACATCGTTTACGGCGTGGACTACCAGGGTATCTAATCCTGTTTGCTCCCCACGCTTTCGCACCTGAGCGTCAGTCTTCGTCCAGGGGGCCGCCTTCGCCACCGGTATTCCTCCAGATCTCTACGCATTTCACCGCTACACCTGGAATTCTACCCCCCTCTACGAGACTCAAGCTTGCCAGTATCAGATGCAGTTCCCAGGTTGAGCCCGGGGATTTCACATCTGACTTAACAAACCGCCTGCGTGCGCTTTACGCCCAGTAATTCCGATTAACGCTTGCACCCTCCGTATTACCGCGGCTGCTGGCACGGAGTTAGCCGGTGCTTCTTCTGCGGGTAACGTCAATGAGCAAAGGTATTAACTTTACTCCCTTCCTCCCCGCTGAAAGTACTTTACAACCCGAAGGCCTTCTTCATACACGCGGCATGGCTGCATCAGGCTTGCGCCCATTGTGCAATATTCCCCACTGCTGCCTNCNGTACTTTNNNNNGGGTNNNNANN"
"40","BHI_18_D04.ab1","trimmed","ATGCAGCACCTGTCTCACGGTTCCCGAAGGCACATTCTCATCTCTGAAAACTTCCGTGGATGTCAAGACCAGGTAAGGTTCTTCGCGTTGCATCGAATTAAACCACATGCTCCACCGCTTGTGCGGGCCCCCGTCAATTCATTTGAGTTTTAACCTTGCGGCCGTACTCCCCAGGCGGTCGACTTAACGCGTTAGCTCCGGAAGCCACGCCTCAAGGGCACAACCTCCAAGTCGACATCGTTTACGGCGTGGACTACCAGGGTATCTAATCCTGTTTGCTCCCCACGCTTTCGCACCTGAGCGTCAGTCTTCGTCCAGGGGGCCGCCTTCGCCACCGGTATTCCTCCAGATCTCTACGCATTTCACCGCTACACCTGGAATTCTACCCCCCTCTACGAGACTCAAGCTTGCCAGTATCAGATGCAGTTCCCAGGTTGAGCCCGGGGATTTCACATCTGACTTAACAAACCGCCTGCGTGCGCTTTACGCCCAGTAATTCCGATTAACGCTTGCACCCTCCGTATTACCGCGGCTGCTGGCACGGAGTTAGCCGGTGCTTCTTCTGCGGGTAACGTCAATGAGCAAAGGTATTAACTTTACTCCCTTCCTCCCCGCTGAAAGTACTTTACAACCCGAAGGCCTTCTTCATACACGCGGCATGGCTGCATCAGGCTTGCGCCCATTGTGCAATATTCCCCACTGCTGCCT"
"41","C1-4_C06.ab1","raw","NNNNNNNNNNNNNNNNNNTNNTNNNNNNNNGTNTCTNNTCNNNNNNCGNNANNNNNNNNNNNNCTCTANAGTCGTCAGAGGATGTCAAGCCTTGGTAAGGTTCTTCGCGTTGCTTCGAATTAAACCACATGCTCCGCTGCTTGTGCGGGCCCCCGTCAATTCCTTTGAGTTTCAACCTTGCGATCGTACTCCCCAGGCGGGATACTTAATGCGTTTGCTTCGGCACGGAACCCTATCGGGCCCCACACCTAGTATCCATCGTTTACGGCGTGGACTACCAGGGTATCTAATCCTGTTTGCTCCCCACGCTTTCGTGCCTCAGTGTCAGTTACAGTCCAGAAAGTCGCCTTCGCCACTGGTGTTCCTCCTAATATCTACGCATTTCACCGCTACACTAGGAATTCCACTTCCCTCTCCTGTACTCAAGTCACACAGTTTCAAATGCAACCCCGGGGTTAAGCCCCGGTCTTTCACATCTGACTTACATGACCACCTACGCACCCTTTACGCCCAGTAATTCCGGACAACGCTTGCTCCCTACGTATTACCGCGGCTGCTGGCACGTAGTTAGCCGGAGCTTCCTCCTATGGTACCGTCATTTCTTTCGTCCCATAGGACAAAGGTTTACAATCCGAAGACCTTCTTCCCTCACGCGGCGTTGCTGGGTCAGGGTTTCCCCCATTGCCCAATATTCCCCACTGCTGCCTNCCGTACTTTAGTNNNGGNNNNNNNN"
"42","C1-4_C06.ab1","trimmed","AGTCGTCAGAGGATGTCAAGCCTTGGTAAGGTTCTTCGCGTTGCTTCGAATTAAACCACATGCTCCGCTGCTTGTGCGGGCCCCCGTCAATTCCTTTGAGTTTCAACCTTGCGATCGTACTCCCCAGGCGGGATACTTAATGCGTTTGCTTCGGCACGGAACCCTATCGGGCCCCACACCTAGTATCCATCGTTTACGGCGTGGACTACCAGGGTATCTAATCCTGTTTGCTCCCCACGCTTTCGTGCCTCAGTGTCAGTTACAGTCCAGAAAGTCGCCTTCGCCACTGGTGTTCCTCCTAATATCTACGCATTTCACCGCTACACTAGGAATTCCACTTCCCTCTCCTGTACTCAAGTCACACAGTTTCAAATGCAACCCCGGGGTTAAGCCCCGGTCTTTCACATCTGACTTACATGACCACCTACGCACCCTTTACGCCCAGTAATTCCGGACAACGCTTGCTCCCTACGTATTACCGCGGCTGCTGGCACGTAGTTAGCCGGAGCTTCCTCCTATGGTACCGTCATTTCTTTCGTCCCATAGGACAAAGGTTTACAATCCGAAGACCTTCTTCCCTCACGCGGCGTTGCTGGGTCAGGGTTTCCCCCATTGCCCAATATTCCCCACTGCTGCCT"
"43","CNA_103_H04.ab1","raw","NNNNNNNNNNNNNNNNNNTGNNNNNNTTCNCAGAGACCTTGCGGCTAACCTGNTTCCAAGTTATTCCTCTGCAATTCAAGCCCGGGTAAGGTTCCTCGCGTATCATCGAATTAAACCACATGTTCCTCCGCTTGTGCGGGCCCCCGTCAATTCCTTTGAGTTTCACCGTTGCCGGCGTACTCCCCAGGTGGAATACTTAATGCTTTCGCTTGGCCGCTTACTGTATATCGCAAACAGCGAGTATTCATCGTTTACTGTGTGGACTACCAGGGTATCTAATCCTGTTTGATACCCACACTTTCGAGCATCAGCGTCAGTTACAGTCCAGCAAGCTGCCTTCGCAATCGGAGTTCTTCGTGATATCTAAGCATTTCACCGCTACACCACGAATTCCGCCTACCTCTACTGCACTCAAGGTACCCAGTATCAACTGCAATTTTACGGTTGAGCCGCAAACTTTCACAACTGACTTAAGCACCCGCCTACGCTCCCTTTAAACCCAATAAATCCGGATAACGCTCGGATCCTCCGTATTACCGCGGCTGCTGGCACGGAGTTAGCCGATCCTTATTCATATGGTACATACAAAANNNNACACGTNNNNNNNTTTATTCCCATATAAAAGAAGTTTACAACCCATAGGGCAGTCATCCTTCACGCTACTTGGCTGGTTCAGGCCTGCGCCCATTGACCAATATTCCTCACTGCTGCCTNNCGTACTTTANNNNNGGGTNANNNNNN"
"44","CNA_103_H04.ab1","trimmed","TTCCAAGTTATTCCTCTGCAATTCAAGCCCGGGTAAGGTTCCTCGCGTATCATCGAATTAAACCACATGTTCCTCCGCTTGTGCGGGCCCCCGTCAATTCCTTTGAGTTTCACCGTTGCCGGCGTACTCCCCAGGTGGAATACTTAATGCTTTCGCTTGGCCGCTTACTGTATATCGCAAACAGCGAGTATTCATCGTTTACTGTGTGGACTACCAGGGTATCTAATCCTGTTTGATACCCACACTTTCGAGCATCAGCGTCAGTTACAGTCCAGCAAGCTGCCTTCGCAATCGGAGTTCTTCGTGATATCTAAGCATTTCACCGCTACACCACGAATTCCGCCTACCTCTACTGCACTCAAGGTACCCAGTATCAACTGCAATTTTACGGTTGAGCCGCAAACTTTCACAACTGACTTAAGCACCCGCCTACGCTCCCTTTAAACCCAATAAATCCGGATAACGCTCGGATCCTCCGTATTACCGCGGCTGCTGGCACGGAGTTAGCCGATCCTTATTCATATGGTACATACAAAANNNNACACGTNNNNNNNTTTATTCCCATATAAAAGAAGTTTACAACCCATAGGGCAGTCATCCTTCACGCTACTTGGCTGGTTCAGGCCTGCGCCCATTGACCAATATTCCTCACTGCTGCCT"
"45","DCM_2_E04.ab1","raw","NNNNNNNNNNNNNNNNNNNTGCNNNNNNTGTCACCGATGCTCCGAAGAGAAACTCTATCTCTAGAGCGGTCATCGGGATGTCAAGCCTTGGTAAGGTTCTTCGCGTTGCTTCGAATTAAACCACATGCTCCACCGCTTGTGCGGGCCCCCGTCAATTCCTTTGAGTTTCAACCTTGCGGTCGTACTCCCCAGGTGGAGTGCTTATTGCGTTAGCTGCGGCACCGAGGATTCCTCCCCGACACCTAGCACTCATCGTTTACGGCGTGGACTACCAGGGTATCTAATCCTGTTTGCTCCCCACGCTTTCGAGCCTCAGCGTCAGTTTCAGTCCAGAAAGCCGCCTTCGCCACTGGTGTTCTTCCTAATATCTACGCATTTCACCGCTACACTAGGAATTCCGCTTTCCTCTCCTGTACTCTAGCTCGCCAGTTCCAAATGCAATCCGCGAGGTTAAGCCTCGGGCTTTCACATCTGGCTTGGCGTGCCGCCTACGCTCCCTTTACACCCAGTAATTCCGGATAACGCTTGCCCCCTACGTATTACCGCGGCTGCTGGCACGTAGTTAGCCGGGGCTTCTTATTCAGGTACCGTCACTTTCTTCGTCCCTGTTGATAGAAGTTTACGATCCGAAAACCTTCTTCCTTCACGCGGCGTTGCTGCATCAGGGTTTCCCCCATTGTGCAATATTCCCCACTGCTGCCTNNNGTACTTNNNNNNNNGNNNNN"
"46","DCM_2_E04.ab1","trimmed","TGTCACCGATGCTCCGAAGAGAAACTCTATCTCTAGAGCGGTCATCGGGATGTCAAGCCTTGGTAAGGTTCTTCGCGTTGCTTCGAATTAAACCACATGCTCCACCGCTTGTGCGGGCCCCCGTCAATTCCTTTGAGTTTCAACCTTGCGGTCGTACTCCCCAGGTGGAGTGCTTATTGCGTTAGCTGCGGCACCGAGGATTCCTCCCCGACACCTAGCACTCATCGTTTACGGCGTGGACTACCAGGGTATCTAATCCTGTTTGCTCCCCACGCTTTCGAGCCTCAGCGTCAGTTTCAGTCCAGAAAGCCGCCTTCGCCACTGGTGTTCTTCCTAATATCTACGCATTTCACCGCTACACTAGGAATTCCGCTTTCCTCTCCTGTACTCTAGCTCGCCAGTTCCAAATGCAATCCGCGAGGTTAAGCCTCGGGCTTTCACATCTGGCTTGGCGTGCCGCCTACGCTCCCTTTACACCCAGTAATTCCGGATAACGCTTGCCCCCTACGTATTACCGCGGCTGCTGGCACGTAGTTAGCCGGGGCTTCTTATTCAGGTACCGTCACTTTCTTCGTCCCTGTTGATAGAAGTTTACGATCCGAAAACCTTCTTCCTTCACGCGGCGTTGCTGCATCAGGGTTTCCCCCATTGTGCAATATTCCCCACTGCTGCCT"
"47","DCM_21_A06.ab1","raw","NNNNNNNNNNNNNNNNNNNTGCAGCACCTTGTAATAGCCCCGAAGGGAAGAAGNGTTTCCACCNTCATGCAATCTACATTTAAACCCGGGTAAGGTTCCTCGCGTATCATCGAATTAAACCACATGTTCCTCCGCTTGTGCGGGCCCCCGTCAATTCCTTTGAGTTTCATCGTTGCCGACGTACTCCCCAGGTGGCTCACTTAATACTTTCGCTTGAACCCTGGCAGTGTATCGCCAAGATCCAGTGAGCATCGTTTACGGCGTGGACTACCAGGGTATCTAATCCTGTTCGCTACCCACGCTCTCGCGCATCAGCGTCAGAACGAGCCTGGGAAGCTGCCTTCGCTATCGGGGTTCCAAGTGATATCTATGCATTTCACCGCTACTTCACTTGTTCCGCCTCCCTCGTCTCGTCTCCAGGGCGCCAGTTTCAACGGCGTGCTACAGTTTAGCTGCAGTCTTTTACCGCTGACTTGACGTCCCGCCTACGCGCCCTTTAAACCCAATAAATCCGGATAACGCTCGCATCCCCCGTATTACCGCGGCTGCTGGCACGGAGTTAGCCGATGCTTATTCGTCAAGTACTGGCATCGAATGACTCGTCATCCTTATTCTTCCCTGACAAAAGAGGTTTACAGGCCATAGACCATTCTTCCCTCACGCGACTTGGCTGGTTCAGGCTCTCGCCCATTGACCAATATTCCTCACTGCTGCCTTCCGTACTTTNNNNNNGGGTTANNNNNN"
"48","DCM_21_A06.ab1","trimmed","GTTTCCACCNTCATGCAATCTACATTTAAACCCGGGTAAGGTTCCTCGCGTATCATCGAATTAAACCACATGTTCCTCCGCTTGTGCGGGCCCCCGTCAATTCCTTTGAGTTTCATCGTTGCCGACGTACTCCCCAGGTGGCTCACTTAATACTTTCGCTTGAACCCTGGCAGTGTATCGCCAAGATCCAGTGAGCATCGTTTACGGCGTGGACTACCAGGGTATCTAATCCTGTTCGCTACCCACGCTCTCGCGCATCAGCGTCAGAACGAGCCTGGGAAGCTGCCTTCGCTATCGGGGTTCCAAGTGATATCTATGCATTTCACCGCTACTTCACTTGTTCCGCCTCCCTCGTCTCGTCTCCAGGGCGCCAGTTTCAACGGCGTGCTACAGTTTAGCTGCAGTCTTTTACCGCTGACTTGACGTCCCGCCTACGCGCCCTTTAAACCCAATAAATCCGGATAACGCTCGCATCCCCCGTATTACCGCGGCTGCTGGCACGGAGTTAGCCGATGCTTATTCGTCAAGTACTGGCATCGAATGACTCGTCATCCTTATTCTTCCCTGACAAAAGAGGTTTACAGGCCATAGACCATTCTTCCCTCACGCGACTTGGCTGGTTCAGGCTCTCGCCCATTGACCAATATTCCTCACTGCTGCCTTCCGTACTTT"
"49","EtOH-Col(1)_A04.ab1","raw","NNNNNNNNNNNNNNNNGNNTGNNNNNNNNNGTNNNNTTNGNNNNNNNNNANGGGAAGCNTCTATCTCTAGAGTGGTCAAAGGATGTCAAGACCTGGTAAGGTTCTTCGCGTTGCTTCGAATTAAACCACATGCTCCACCGCTTGTGCGGGCCCCCGTCAATTCCTTTGAGTTTCAACCTTGCGGTCGTACTCCCCAGGCGGAGTGCTTAATGCGTTAGCTGCAGCACTGAAGGGCGGAAACCCTCCAACACTTAGCACTCATCGTTTACGGCGTGGACTACCAGGGTATCTAATCCTGTTTGCTCCCCACGCTTTCGAGCCTCAGCGTCAGTTACAGACCAGAGAGCCGCCTTCGCCACTGGTGTTCCTCCATATATCTACGCATTTCACCGCTACACATGGAATTCCACTCTCCTCTTCTGCACTCAAGTCTCCCAGTTTCCAATGACCCTCCCCGGTTGAGCCGGGGGCTTTCACATCAGACTTAAGAAACCGCCTGCGCTCGCTTTACGCCCAATAAATCCGGACAACGCTTGCCACCTACGTATTACCGCGGCTGCTGGCACGTAGTTAGCCGTGGCTTTCTGGTTAGATACCGTCAAGGGATGAACAGTTACTCTCATCCTTGTTCTTCTCTAACAACAGAGTTTTACGATCCGAAAACCTTCTTCACTCACGCGGCGTTGCTCGGTCAGACTTTCGTCCATTGCCGAAGATTCCCTACTGCTGCCTNNNGTACTTTANNNNNGGTTNNNNN"
"50","EtOH-Col(1)_A04.ab1","trimmed","TCTATCTCTAGAGTGGTCAAAGGATGTCAAGACCTGGTAAGGTTCTTCGCGTTGCTTCGAATTAAACCACATGCTCCACCGCTTGTGCGGGCCCCCGTCAATTCCTTTGAGTTTCAACCTTGCGGTCGTACTCCCCAGGCGGAGTGCTTAATGCGTTAGCTGCAGCACTGAAGGGCGGAAACCCTCCAACACTTAGCACTCATCGTTTACGGCGTGGACTACCAGGGTATCTAATCCTGTTTGCTCCCCACGCTTTCGAGCCTCAGCGTCAGTTACAGACCAGAGAGCCGCCTTCGCCACTGGTGTTCCTCCATATATCTACGCATTTCACCGCTACACATGGAATTCCACTCTCCTCTTCTGCACTCAAGTCTCCCAGTTTCCAATGACCCTCCCCGGTTGAGCCGGGGGCTTTCACATCAGACTTAAGAAACCGCCTGCGCTCGCTTTACGCCCAATAAATCCGGACAACGCTTGCCACCTACGTATTACCGCGGCTGCTGGCACGTAGTTAGCCGTGGCTTTCTGGTTAGATACCGTCAAGGGATGAACAGTTACTCTCATCCTTGTTCTTCTCTAACAACAGAGTTTTACGATCCGAAAACCTTCTTCACTCACGCGGCGTTGCTCGGTCAGACTTTCGTCCATTGCCGAAGATTCCCTACTGCTGCCT"
"51","FAA_15_C04.ab1","raw","NNNNNNNNNNNNNNNNNNNNTGCAGCACCTTCNCAACTGCCTTGCGGCTGACATGTCTCCACATCATTCAGTTGCAATTCAAGCCCGGGTAAGGTTCCTCGCGTATCATCGAATTAAACCACATGTTCCTCCGCTTGTGCGGGCCCCCGTCAATTCCTTTGAGTTTCACCGTTGCCGGCGTACTCCCCAGGTGGAATACTTAACGCTTTCGCTTGGCCGCTTACTGTATATCGCAAACAGCGAGTATTCATCGTTTACTGTGTGGACTACCAGGGTATCTAATCCTGTTTGATACCCACACTTTCGAGCATCAGCGTCAGTTACAGTCCAGCAGGCTGCCTTCGCAATCGGAGTTCTTCGTGATATCTAAGCATTTCACCGCTACACCACGAATTCCGCCTGCCTCTACTGTACTCAAGACACCCAGTATCAACTGCAATTTTACGGTTGAGCCGCAAACTTTCACAACTGACTTAAGCGTCCGCCTACGCTCCCTTTAAACCCAATAAATCCGGATAACGCTCGGATCCTCCGTATTACCGCGGCTGCTGGCACGGAGTTAGCCGATCCTTATTCATACGGTACATACAAAAAGGCACACGTGCCTCACTTTATTCCCGTATAAAAGAAGTTTACAACCCATAGGGCAGTCATCCTTCACGCTACTTGGCTGGTTCAGACTCTCGTCCATTGACCAATATTCCTCACTGCTGCCTNNNGTACTTTANNNNNNGGGTTAANANN"
"52","FAA_15_C04.ab1","trimmed","CAACTGCCTTGCGGCTGACATGTCTCCACATCATTCAGTTGCAATTCAAGCCCGGGTAAGGTTCCTCGCGTATCATCGAATTAAACCACATGTTCCTCCGCTTGTGCGGGCCCCCGTCAATTCCTTTGAGTTTCACCGTTGCCGGCGTACTCCCCAGGTGGAATACTTAACGCTTTCGCTTGGCCGCTTACTGTATATCGCAAACAGCGAGTATTCATCGTTTACTGTGTGGACTACCAGGGTATCTAATCCTGTTTGATACCCACACTTTCGAGCATCAGCGTCAGTTACAGTCCAGCAGGCTGCCTTCGCAATCGGAGTTCTTCGTGATATCTAAGCATTTCACCGCTACACCACGAATTCCGCCTGCCTCTACTGTACTCAAGACACCCAGTATCAACTGCAATTTTACGGTTGAGCCGCAAACTTTCACAACTGACTTAAGCGTCCGCCTACGCTCCCTTTAAACCCAATAAATCCGGATAACGCTCGGATCCTCCGTATTACCGCGGCTGCTGGCACGGAGTTAGCCGATCCTTATTCATACGGTACATACAAAAAGGCACACGTGCCTCACTTTATTCCCGTATAAAAGAAGTTTACAACCCATAGGGCAGTCATCCTTCACGCTACTTGGCTGGTTCAGACTCTCGTCCATTGACCAATATTCCTCACTGCTGCCTNNNGTACTTTANNNNNNGGGTTAA"
"53","FAA_24_G04.ab1","raw","NNNNNNNNNNNNNNNANNNNNNTGCAGCACCTGTGTACGCCTCCGAAGAGTCGCATNGCTTTCACATGTTGTTCATTACATGTCAAGCCCAGGTAAGGTTCTTCGCGTTGCATCGAATTAAGCCACATACTCCACCGCTTGTGCGGGTCCCCGTCAATTTCTTTGAGTTTTAATCTTGCGACCGTACTCCCCAGGCGGCACGCTTAACGCGTTAGCTCCGGCACGCAGGGGGTCGATTCCCCGCACACCAAGCGTGCACCGTTTACTGCCAGGACTACAGGGGTATCTAATCCCTTTCGCTCCCCTGGCCTTCGTGCCTCAGCGTCAGTTAATGTCCAGGAACCCGCCTTCGCCACGAGTGTTCCTCTCGATATCTACGCATTTCACTGCTACACCGAGAATTCCGGTTCCCCCTCCATTACTCTAGTCTCGCAGTATCATGTGCCGTCCGCGGGTTGAGCCCGCGCCTTTCACACACGACTTACGAAACAGCCTACGCACGCTTTACGCCCAGTGATTCCGAACAACGCTTGAGACCTCTGTATTACCGCGGCTGCTGGCACAGAGTTAGCCGTCTCTTCCTCTTGTGGTACTATCTTTTTAATTTGCTCCCACATGACAGGGGTTTACAATCCGAAGACCTTCATTCCCCCACGCGGCGTCGCACCATCAGGGTTTCCCCCATTGTGAATGATTCTCGACTGCTGCCTTCCGTACTTTNNNNNNNGGNNNNNN"
"54","FAA_24_G04.ab1","trimmed","GCTTTCACATGTTGTTCATTACATGTCAAGCCCAGGTAAGGTTCTTCGCGTTGCATCGAATTAAGCCACATACTCCACCGCTTGTGCGGGTCCCCGTCAATTTCTTTGAGTTTTAATCTTGCGACCGTACTCCCCAGGCGGCACGCTTAACGCGTTAGCTCCGGCACGCAGGGGGTCGATTCCCCGCACACCAAGCGTGCACCGTTTACTGCCAGGACTACAGGGGTATCTAATCCCTTTCGCTCCCCTGGCCTTCGTGCCTCAGCGTCAGTTAATGTCCAGGAACCCGCCTTCGCCACGAGTGTTCCTCTCGATATCTACGCATTTCACTGCTACACCGAGAATTCCGGTTCCCCCTCCATTACTCTAGTCTCGCAGTATCATGTGCCGTCCGCGGGTTGAGCCCGCGCCTTTCACACACGACTTACGAAACAGCCTACGCACGCTTTACGCCCAGTGATTCCGAACAACGCTTGAGACCTCTGTATTACCGCGGCTGCTGGCACAGAGTTAGCCGTCTCTTCCTCTTGTGGTACTATCTTTTTAATTTGCTCCCACATGACAGGGGTTTACAATCCGAAGACCTTCATTCCCCCACGCGGCGTCGCACCATCAGGGTTTCCCCCATTGTGAATGATTCTCGACTGCTGCCTTCCGTACTTT"
"55","FAA_3_F04.ab1","raw","NNNNNNNNNNNNNNNNNNTGCANNACCTGTCTATATGTCTCCGAANAGANTTCACTCATCTCTGAGCTATGCATACGATGTCAAGACCTGGTAAGGTTCTTCGCGTTGCTTCGAATTAATCCACATACTCCACTGCTTGTGCGGGCCCCCGTCAATTCCTTTGAGTTTCAACCTTGCGGTCGTACTCCCCAGGTGGATTACTTATTGCGTTTGCTGCGGCACGGAAGGGGTCAGTCCCCCCACACCTAGTAATCATCGTTTACGGCGTGGACTACCAGGGTATCTAATCCTGTTTGCTCCCCACGCTTTCGAGCCTCAGCGTCAGTTAAAGCCCAGTAAGCCGCCTTCGCCACTGATGTTCCTCCTAATATCTACGCATTTCACCGCTACACTAGGAATTCCGCTTACCTCTACTTCACTCAAGAACCACAGTTTCAAATGCAGTTTATGGGTTAAGCCCATAGTTTTCACATCTGACTTGCGATCCCGCCTACGCTCCCTTTACACCCAGTAATTCCGGACAACGCTCGCTCCCTACGTATTACCGCGGCTGCTGGCACGTAGTTAGCCGGAGCTTCCTCCTCAGGTACCGTCTTTTTTCGTCCCTGAAGACAGAGGTTTACAATCCTAAAACCTTCTTCCCTCACGCGGCATCGCTGCATCAGAGTTTCCTCCATTGTGCAATATTCCCCACTGCTGCCTNNNGTACTTTANNNNNNGGNNNAANNNN"
"56","FAA_3_F04.ab1","trimmed","TTCACTCATCTCTGAGCTATGCATACGATGTCAAGACCTGGTAAGGTTCTTCGCGTTGCTTCGAATTAATCCACATACTCCACTGCTTGTGCGGGCCCCCGTCAATTCCTTTGAGTTTCAACCTTGCGGTCGTACTCCCCAGGTGGATTACTTATTGCGTTTGCTGCGGCACGGAAGGGGTCAGTCCCCCCACACCTAGTAATCATCGTTTACGGCGTGGACTACCAGGGTATCTAATCCTGTTTGCTCCCCACGCTTTCGAGCCTCAGCGTCAGTTAAAGCCCAGTAAGCCGCCTTCGCCACTGATGTTCCTCCTAATATCTACGCATTTCACCGCTACACTAGGAATTCCGCTTACCTCTACTTCACTCAAGAACCACAGTTTCAAATGCAGTTTATGGGTTAAGCCCATAGTTTTCACATCTGACTTGCGATCCCGCCTACGCTCCCTTTACACCCAGTAATTCCGGACAACGCTCGCTCCCTACGTATTACCGCGGCTGCTGGCACGTAGTTAGCCGGAGCTTCCTCCTCAGGTACCGTCTTTTTTCGTCCCTGAAGACAGAGGTTTACAATCCTAAAACCTTCTTCCCTCACGCGGCATCGCTGCATCAGAGTTTCCTCCATTGTGCAATATTCCCCACTGCTGCCT"
"57","FMN_6_B06.ab1","raw","NNNNNNNNNNNNNNNNNNNNNNNTGNNGNNTCNNGNTNGTNTTNNNNANNTTNNNNNNNNNNNNNNNTCACCCATATGNCAAGCCCTGGTAAGNGTTCTTCGCGTTGCTTCGAATTAAGCCACATGCTCCGCTGCTTGTGCGGGCCCCCGTCAATTCCTTTGAGTTTTAGCCTTGCGGCCGTACTCCCCAGGCGGGACGCTTAATGCGTTGGCTGCGGCACGGGGGGATCGTCCCCCCACACCTAGCGTCCATCGTTTACGGCTGGGACTACCAGGGTATCTAATCCTGTTCGCTCCCCCAGCTTTCGCGCCTCAGCGTCGGTCTCGGCCCAGAGGGCCGCCTTCGCCACCGGTGTTCCACCCGATATCTGCGCATTCCACCGCTACACCGGGTGTTCCACCCTCCCCTACCGGACCCAAGCCGCGGAGGTTCCGGGGGCTTCGGGGGGTTGAGCCCCCCGCTTCGACCCCCGGCCTGCCGGGCCGCCTACGCGCGCTTTACGCCCAATGAATCCGGATAACGCTCGCCCCCTACGTATTACCGCGGCTGCTGGCACGTAGTTAGCCGGGGCTTCTTCTGCAGGTACAGTCTTGACTCTTCCCTGCTGAAAGCGGTTTACGACCCGAAGGCCTCCGTCCCGCACGCGGCGTCGCTGCGTCAGGGTTCCCCCCATTGCGCAAAGATTCCCCACTGCTGNCTNCCGTACTTTAGTGAGGGTTAAANN"
"58","FMN_6_B06.ab1","trimmed","GTTCTTCGCGTTGCTTCGAATTAAGCCACATGCTCCGCTGCTTGTGCGGGCCCCCGTCAATTCCTTTGAGTTTTAGCCTTGCGGCCGTACTCCCCAGGCGGGACGCTTAATGCGTTGGCTGCGGCACGGGGGGATCGTCCCCCCACACCTAGCGTCCATCGTTTACGGCTGGGACTACCAGGGTATCTAATCCTGTTCGCTCCCCCAGCTTTCGCGCCTCAGCGTCGGTCTCGGCCCAGAGGGCCGCCTTCGCCACCGGTGTTCCACCCGATATCTGCGCATTCCACCGCTACACCGGGTGTTCCACCCTCCCCTACCGGACCCAAGCCGCGGAGGTTCCGGGGGCTTCGGGGGGTTGAGCCCCCCGCTTCGACCCCCGGCCTGCCGGGCCGCCTACGCGCGCTTTACGCCCAATGAATCCGGATAACGCTCGCCCCCTACGTATTACCGCGGCTGCTGGCACGTAGTTAGCCGGGGCTTCTTCTGCAGGTACAGTCTTGACTCTTCCCTGCTGAAAGCGGTTTACGACCCGAAGGCCTCCGTCCCGCACGCGGCGTCGCTGCGTCAGGGTTCCCCCCATTGCGCAAAGATTCCCCACTGCTGNCTNCCGTACTTTAGTGAGGGTTAAA"
"59","FMN_6-Back-(1)_B04.ab1","raw","NNNNNNNNNNNNNNNNNNNTNNNNNNNGTGTCNNTNNGTNNNNNNNNNNNNNNANNCTATNNANNGAGGGGTCAGAGGATGTCAAGATTTGGTAAGGTTCTTCGCGTTGCTTCGAATTAAACCACATGCTCCACCGCTTGTGCGGGTCCCCGTCAATTCCTTTGAGTTTCAACCTTGCGGTCGTACTCCCCAGGCGGAGTGCTTAATGCGTTAGCTGCAGCACTAAGGGGCGGAAACCCCCTAACACTTAGCACTCATCGTTTACGGCGTGGACTACCAGGGTATCTAATCCTGTTTGATCCCCACGCTTTCGCACATCAGCGTCAGTTACAGACCAGAAAGTCGCCTTCGCCACTGGTGTTCCTCCATATCTCTGCGCATTTCACCGCTACACATGGAATTCCACTTTCCTCTTCTGCACTCAAGTTTTCCAGTTTCCAATGACCCTCCACGGTTGAGCCGTGGGCTTTCACATCAGACTTAAAAAACCGCCTACGCGCGCTTTACGCCCAATAATTCCGGATAACGCTTGCCACCTACGTATTACCGCGGCTGCTGNCACGTAGTTAGCCGTGGCTTTCTGATTAGGTACCGTCAAGACGTGCATAGTTACTTACACATTTGTTCTTCCCTAATAACAGAGTTTTACGATCCGAAGACCTTCATCACTCACGCGGCGTTGCTCCGTCAGGCTTTCGCCCATTGCGGAAGANTCCCTACTGCTGCCTCCCGTACTTTAGTGNGGGNTNAANANN"
"60","FMN_6-Back-(1)_B04.ab1","trimmed","GAGGGGTCAGAGGATGTCAAGATTTGGTAAGGTTCTTCGCGTTGCTTCGAATTAAACCACATGCTCCACCGCTTGTGCGGGTCCCCGTCAATTCCTTTGAGTTTCAACCTTGCGGTCGTACTCCCCAGGCGGAGTGCTTAATGCGTTAGCTGCAGCACTAAGGGGCGGAAACCCCCTAACACTTAGCACTCATCGTTTACGGCGTGGACTACCAGGGTATCTAATCCTGTTTGATCCCCACGCTTTCGCACATCAGCGTCAGTTACAGACCAGAAAGTCGCCTTCGCCACTGGTGTTCCTCCATATCTCTGCGCATTTCACCGCTACACATGGAATTCCACTTTCCTCTTCTGCACTCAAGTTTTCCAGTTTCCAATGACCCTCCACGGTTGAGCCGTGGGCTTTCACATCAGACTTAAAAAACCGCCTACGCGCGCTTTACGCCCAATAATTCCGGATAACGCTTGCCACCTACGTATTACCGCGGCTGCTGNCACGTAGTTAGCCGTGGCTTTCTGATTAGGTACCGTCAAGACGTGCATAGTTACTTACACATTTGTTCTTCCCTAATAACAGAGTTTTACGATCCGAAGACCTTCATCACTCACGCGGCGTTGCTCCGTCAGGCTTTCGCCCATTGCGGAAGANTCCCTACTGCTGCCTCCCGTACTTTAGTG"
"61","FMN_9_G05.ab1","raw","NNNNNNNNNNNNNNNNNNTGCAGCACCTNGNAATANGCCCCGAAGNNANAAGNNTTTCCACCTCATGCAATCTACATTTAAACCCGGGTAAGGTTCCTCGCGTATCATCGAATTAAACCACATGTTCCTCCGCTTGTGCGGGCCCCCGTCAATTCCTTTGAGTTTCATCGTTGCCGACGTACTCCCCAGGTGGCTCACTTAATACTTTCGCTTGAACCCTGGCTGTGTATCGCCAAGATCCAGTGAGCATCGTTTACGGCGTGGACTACCAGGGTATCTAATCCTGTTCGCTACCCACGCTCTCGCGCATCAGCGTCAGAACGAGCCTGGGAAGCTGCCTTCGCTATCGGGGTTCCNAGTGATATCTATGCATTTCACCGCTACTTCACTTGTTCCGCCTCCCTCGTCTCGTCTCCAGGGCGCCAGTTTCAACGGCGTGCTACAGTTTANCTGCNGTCTTTTACCGCTGACTTGACGTCCCGCCTACGCGCCCTTTAAACCCAATAAATCCGGATAACGCTCGCATCCNCCGTATTACCGCGGCTGCTGGCACGGAGTTAGCCGATGCTTATTCNTCGNGNACTGNCATCNAATGACTCGTCATCCTTATTCTTCCNTGACAAAAGAGGNTTACAGGCCATAGACCATTCTTCCCTCACGCGACTTGNCTGGNTCAGGCTCTCGCCCATTGACCAATATTCCTCANTGCTGNCTTNNNGNANTTATGNNGGNNNNNN"
"62","FMN_9_G05.ab1","trimmed","TTTCCACCTCATGCAATCTACATTTAAACCCGGGTAAGGTTCCTCGCGTATCATCGAATTAAACCACATGTTCCTCCGCTTGTGCGGGCCCCCGTCAATTCCTTTGAGTTTCATCGTTGCCGACGTACTCCCCAGGTGGCTCACTTAATACTTTCGCTTGAACCCTGGCTGTGTATCGCCAAGATCCAGTGAGCATCGTTTACGGCGTGGACTACCAGGGTATCTAATCCTGTTCGCTACCCACGCTCTCGCGCATCAGCGTCAGAACGAGCCTGGGAAGCTGCCTTCGCTATCGGGGTTCCNAGTGATATCTATGCATTTCACCGCTACTTCACTTGTTCCGCCTCCCTCGTCTCGTCTCCAGGGCGCCAGTTTCAACGGCGTGCTACAGTTTANCTGCNGTCTTTTACCGCTGACTTGACGTCCCGCCTACGCGCCCTTTAAACCCAATAAATCCGGATAACGCTCGCATCCNCCGTATTACCGCGGCTGCTGGCACGGAGTTAGCCGATGCTTATTCNTCGNGNACTGNCATCNAATGACTCGTCATCCTTATTCTTCCNTGACAAAAGAGGNTTACAGGCCATAGACCATTCTTCCCTCACGCGACTTGNCTGGNTCAGGCTCTCGCCCATTGACCAATATTCCTCA"
"63","GAM_102_A05.ab1","raw","NNNNNNNNNNNNNANNNNNTGCAGCACCTAGTTTCCTGCCCCGANNNNNANTCCANGTTTCCAGAATCGTCAGTAACTTTCAAGCCCGGGTAAGGTTCCTCGCGTATCATCGAATTAAACCACATGTTCCTCCGCTTGTGCGGGCCCCCGTCAATTCCTTTGAGTTTCATTCTTGCGAACGTACTCCCCAGGTGGATAACTTATCGCTTTCGCTTAGCCGCCGACTGTGTATCGCCGACAGCGAGTTATCATCGTTTACTGCGTGGACTACCAGGGTATCTAATCCTGTTTGCTCCCCACGCTTTCGTGCCTCAACGTCAGATATAGTTTGGTAAGCTGCCTTCGCAATCGGTGTTCTGTATGATCTCTAAGCATTTCACCGCTACACCATACATTCCGCCTACCGCAACTACTCTCTAGTTCAACAGTATTAGAGGCAGTTCCGGTGTTAAGCACCGGTATTTCACCTCTAACTTATCAAACCGCCTACGCACCCTTTAAACCCAATAAATCCGGATAACGCTTGGATCCTCCGTATTACCGCGGCTGCTGGCACGGAGTTAGCCGATCCTTATTCGTACGATACTTTCAGGCTCTTACGCGTAAGAGCGTTTACCCTCGTACAAAAGCAGTTTACAACTCATAGAGCCGTCTTCCTGCACGCGGCATGGCTGGTTCAGACTTGCGTCCATTGACCAATATTCCTCACTGCTGCCTNCCGTACTTTANNGNGGGGTNAANNN"
"64","GAM_102_A05.ab1","trimmed","GTTTCCAGAATCGTCAGTAACTTTCAAGCCCGGGTAAGGTTCCTCGCGTATCATCGAATTAAACCACATGTTCCTCCGCTTGTGCGGGCCCCCGTCAATTCCTTTGAGTTTCATTCTTGCGAACGTACTCCCCAGGTGGATAACTTATCGCTTTCGCTTAGCCGCCGACTGTGTATCGCCGACAGCGAGTTATCATCGTTTACTGCGTGGACTACCAGGGTATCTAATCCTGTTTGCTCCCCACGCTTTCGTGCCTCAACGTCAGATATAGTTTGGTAAGCTGCCTTCGCAATCGGTGTTCTGTATGATCTCTAAGCATTTCACCGCTACACCATACATTCCGCCTACCGCAACTACTCTCTAGTTCAACAGTATTAGAGGCAGTTCCGGTGTTAAGCACCGGTATTTCACCTCTAACTTATCAAACCGCCTACGCACCCTTTAAACCCAATAAATCCGGATAACGCTTGGATCCTCCGTATTACCGCGGCTGCTGGCACGGAGTTAGCCGATCCTTATTCGTACGATACTTTCAGGCTCTTACGCGTAAGAGCGTTTACCCTCGTACAAAAGCAGTTTACAACTCATAGAGCCGTCTTCCTGCACGCGGCATGGCTGGTTCAGACTTGCGTCCATTGACCAATATTCCTCACTGCTGCCTNCCGTACTTTA"
"65","GAM_12_H05.ab1","raw","NNNNNNNNNNNNNANNNNNTGCAGCACCTTGTAATAGCCCCGAAGGGAAGAANNGTTTCCACCNTCATGCAATCTACATTTAAACCCGGGTAAGGTTCCTCGCGTATCATCGAATTAAACCACATGTTCCTCCGCTTGTGCGGGCCCCCGTCAATTCCTTTGAGTTTCATCGTTGCCGACGTACTCCCCAGGTGGCTCACTTAATACTTTCGCTTGAACCCTGGCTGTGTATCGCCAAGATCCAGTGAGCATCGTTTACGGCGTGGACTACCAGGGTATCTAATCCTGTTCGCTACCCACGCTCTCGCGCATCAGCGTCAGAACGAGCCTGGGAAGCTGCCTTCGCTATCGGGGTTCCAAGTGATATCTATGCATTTCACCGCTACTTCACTTGTTCCGCCTCCCTCGTCTCGTCTCCAGGGCGCCAGTTTCAACGGCGTGCTACAGTTTAGCTGCAGTCTTTTACCGCTGACTTGACGTCCCGCCTACGCGCCCTTTAAACCCAATAAATCCGGATAACGCTCGCATCCCCCGTATTACCGCGGCTGCTGGCACGGAGTTAGCCGATGCTTATTCGTCAAGTACTGGCATCGAATGACTCGTCATCCTTATTCTTCCCTGACAAAAGAGGTTTACAGGCCATAGACCATTCTTCCCTCACGCGACTTGGCTGGTTCAGGCTCTCGCCCATTGACCAATATTCCTCACTGCTGCCTNCCGTACTTNNNNNNGGGGNNNNN"
"66","GAM_12_H05.ab1","trimmed","GTTTCCACCNTCATGCAATCTACATTTAAACCCGGGTAAGGTTCCTCGCGTATCATCGAATTAAACCACATGTTCCTCCGCTTGTGCGGGCCCCCGTCAATTCCTTTGAGTTTCATCGTTGCCGACGTACTCCCCAGGTGGCTCACTTAATACTTTCGCTTGAACCCTGGCTGTGTATCGCCAAGATCCAGTGAGCATCGTTTACGGCGTGGACTACCAGGGTATCTAATCCTGTTCGCTACCCACGCTCTCGCGCATCAGCGTCAGAACGAGCCTGGGAAGCTGCCTTCGCTATCGGGGTTCCAAGTGATATCTATGCATTTCACCGCTACTTCACTTGTTCCGCCTCCCTCGTCTCGTCTCCAGGGCGCCAGTTTCAACGGCGTGCTACAGTTTAGCTGCAGTCTTTTACCGCTGACTTGACGTCCCGCCTACGCGCCCTTTAAACCCAATAAATCCGGATAACGCTCGCATCCCCCGTATTACCGCGGCTGCTGGCACGGAGTTAGCCGATGCTTATTCGTCAAGTACTGGCATCGAATGACTCGTCATCCTTATTCTTCCCTGACAAAAGAGGTTTACAGGCCATAGACCATTCTTCCCTCACGCGACTTGGCTGGTTCAGGCTCTCGCCCATTGACCAATATTCCTCACTGCTGCCT"
"67","GAM_19_B05.ab1","raw","NNNNNNNNNNNNNNNNNTGCAGCACCTGTCTCACGGTTCCCGAAGGCACATTCTCATCTCTGAAAACTTCCGTGGATGTCAAGACCAGGTAAGGTTCTTCGCGTTGCATCGAATTAAACCACATGCTCCACCGCTTGTGCGGGCCCCCGTCAATTCATTTGAGTTTTAACCTTGCGGCCGTACTCCCCAGGCGGTCGACTTAACGCGTTAGCTCCGGAAGCCACGCCTCAAGGGCACAACCTCCAAGTCGACATCGTTTACGGCGTGGACTACCAGGGTATCTAATCCTGTTTGCTCCCCACGCTTTCGCACCTGAGCGTCAGTCTTCGTCCAGGGGGCCGCCTTCGCCACCGGTATTCCTCCAGATCTCTACGCATTTCACCGCTACACCTGGAATTCTACCCCCCTCTACGAGACTCAAGCTTGCCAGTATCAGATGCAGTTCCCAGGTTGAGCCCGGGGATTTCACATCTGACTTAACAAACCGCCTGCGTGCGCTTTACGCCCAGTAATTCCGATTAACGCTTGCACCCTCCGTATTACCGCGGCTGCTGGCACGGAGTTAGCCGGTGCTTCTTCTGCGGGTAACGTCAATGAGCAAAGGTATTAACTTTACTCCCTTCCTCCCCGCTGAAAGTACTTTACAACCCGAAGGCCTTCTTCATACACGCGGCATGGCTGCATCAGGCTTGCGCCCATTGTGCAATATTCCCCACTGCTGCCTNCCGTACTTNNNNNNNGGGGNNNANNN"
"68","GAM_19_B05.ab1","trimmed","TGCAGCACCTGTCTCACGGTTCCCGAAGGCACATTCTCATCTCTGAAAACTTCCGTGGATGTCAAGACCAGGTAAGGTTCTTCGCGTTGCATCGAATTAAACCACATGCTCCACCGCTTGTGCGGGCCCCCGTCAATTCATTTGAGTTTTAACCTTGCGGCCGTACTCCCCAGGCGGTCGACTTAACGCGTTAGCTCCGGAAGCCACGCCTCAAGGGCACAACCTCCAAGTCGACATCGTTTACGGCGTGGACTACCAGGGTATCTAATCCTGTTTGCTCCCCACGCTTTCGCACCTGAGCGTCAGTCTTCGTCCAGGGGGCCGCCTTCGCCACCGGTATTCCTCCAGATCTCTACGCATTTCACCGCTACACCTGGAATTCTACCCCCCTCTACGAGACTCAAGCTTGCCAGTATCAGATGCAGTTCCCAGGTTGAGCCCGGGGATTTCACATCTGACTTAACAAACCGCCTGCGTGCGCTTTACGCCCAGTAATTCCGATTAACGCTTGCACCCTCCGTATTACCGCGGCTGCTGGCACGGAGTTAGCCGGTGCTTCTTCTGCGGGTAACGTCAATGAGCAAAGGTATTAACTTTACTCCCTTCCTCCCCGCTGAAAGTACTTTACAACCCGAAGGCCTTCTTCATACACGCGGCATGGCTGCATCAGGCTTGCGCCCATTGTGCAATATTCCCCACTGCTGCCT"
"69","M22RUT_H03.ab1","raw","NNNNNNNNNNNNNNNNNTGCACCACCTGTCACTCTGTCCCCCGANGGGGAAAACTCTATCTCTAGAGGGGTCAGAGGATGTCAAGATTTGGTAAGGTTCTTCGCGTTGCTTCGAATTAAACCACATGCTCCACCGCTTGTGCGGGTCCCCGTCAATTCCTTTGAGTTTCAACCTTGCGGTCGTACTCCCCAGGCGGAGTGCTTAATGCGTTAGCTGCAGCACTAAGGGGCGGAAACCCCCTAACACTTAGCACTCATCGTTTACGGCGTGGACTACCAGGGTATCTAATCCTGTTTGATCCCCACGCTTTCGCACATCAGCGTCAGTTACAGACCAGAAAGTCGCCTTCGCCACTGGTGTTCCTCCATATCTCTGCGCATTTCACCGCTACACATGGAATTCCACTTTCCTCTTCTGCACTCAAGTTTTCCAGTTTCCAATGACCCTCCACGGTTGAGCCGTGGGCTTTCACATCAGACTTAAAAAACCGCCTACGCGCGCTTTACGCCCAATAATTCCGGATAACGCTTGCCACCTACGTATTACCGCGGCTGCTGGCACGTAGTTAGCCGTGGCTTTCTGATTAGGTACCGTCAAGACGTGCATAGTTACTTACACATTTGTTCTTCCCTAATAANNGAGTTTTACGATCCGAAGACCTTCATCACTCACGCGGCGTTGCTCCGTCAGGCTTTCNCCNANTGCGGAAGATTCCCTACNGCTGCCTNCCNNANTTTAGNGANNGNNNNNNNN"
"70","M22RUT_H03.ab1","trimmed","GGGGAAAACTCTATCTCTAGAGGGGTCAGAGGATGTCAAGATTTGGTAAGGTTCTTCGCGTTGCTTCGAATTAAACCACATGCTCCACCGCTTGTGCGGGTCCCCGTCAATTCCTTTGAGTTTCAACCTTGCGGTCGTACTCCCCAGGCGGAGTGCTTAATGCGTTAGCTGCAGCACTAAGGGGCGGAAACCCCCTAACACTTAGCACTCATCGTTTACGGCGTGGACTACCAGGGTATCTAATCCTGTTTGATCCCCACGCTTTCGCACATCAGCGTCAGTTACAGACCAGAAAGTCGCCTTCGCCACTGGTGTTCCTCCATATCTCTGCGCATTTCACCGCTACACATGGAATTCCACTTTCCTCTTCTGCACTCAAGTTTTCCAGTTTCCAATGACCCTCCACGGTTGAGCCGTGGGCTTTCACATCAGACTTAAAAAACCGCCTACGCGCGCTTTACGCCCAATAATTCCGGATAACGCTTGCCACCTACGTATTACCGCGGCTGCTGGCACGTAGTTAGCCGTGGCTTTCTGATTAGGTACCGTCAAGACGTGCATAGTTACTTACACATTTGTTCTTCCCTAATAANNGAGTTTTACGATCCGAAGACCTTCATCACTCACGCGGCGTTGCTCCGTCAGGCTTTCNCCNANTGCGGAAGATTCCCTAC"
"71","MET2-EDM1-D120_H07.ab1","raw","NNNNNNNNNNNNNNNNNNNNGNNNNNNNNTGTGTGANCCATAATTATNCCCCNNTANANTCTAGGGTATTTGTTTCCATGTCAAGGCCTGGTAAGGTTCTTCGCGTTGCTTCGAATTAAACCACATACTCCACCGCTTGTGCGGGCCCCCGTCAATTCCTTTGAGTTTCACACTTGCGTGCATACTCCCCAGGCGGAGAACTTATTGCGTTAACTGCAGCACTGAATTCCTCCAACACTTAGTTCTCATCGTTTACGGCGTGGACTACTAGGGTATCTAATCCTATTTGCTCCCCACGCTTTCGTGCCTCAGTGTCAGTTACAGACCAGGCGACCGCCTTCGCCACTGGTGTTCCTCCATATATCTACGCATTTTACCGCTACACATGGAATTCCATCGCCCTCTTCTGCACTCCAGCATACCAGTTTCCATAGCTTACAATGGTTGAGCCATTGCCTTTTACTACAGACTTAGTACGCCACCTACGCACCCTTTACGCCCAATGATTCCGGATAACGCTTGCCACCTACGTATTACCGCGGCTGCTGGCACGTAGTTAGCCGTGGCTTTCTGGTAAGCTACCGTCACTCCCATAGCATTTCCTCTATGAGCCGTTCTTCACTTACAACAGAGCTTTACGATCCGAAGACCTTCTTCACTCACGCGGCATTGCTCGTTCAGGGTTTCCCCCATTGACGAAAATTCCCTACTGCTGCCTNCNGTACTTTNNNNNNGGGNNAANNN"
"72","MET2-EDM1-D120_H07.ab1","trimmed","TCTAGGGTATTTGTTTCCATGTCAAGGCCTGGTAAGGTTCTTCGCGTTGCTTCGAATTAAACCACATACTCCACCGCTTGTGCGGGCCCCCGTCAATTCCTTTGAGTTTCACACTTGCGTGCATACTCCCCAGGCGGAGAACTTATTGCGTTAACTGCAGCACTGAATTCCTCCAACACTTAGTTCTCATCGTTTACGGCGTGGACTACTAGGGTATCTAATCCTATTTGCTCCCCACGCTTTCGTGCCTCAGTGTCAGTTACAGACCAGGCGACCGCCTTCGCCACTGGTGTTCCTCCATATATCTACGCATTTTACCGCTACACATGGAATTCCATCGCCCTCTTCTGCACTCCAGCATACCAGTTTCCATAGCTTACAATGGTTGAGCCATTGCCTTTTACTACAGACTTAGTACGCCACCTACGCACCCTTTACGCCCAATGATTCCGGATAACGCTTGCCACCTACGTATTACCGCGGCTGCTGGCACGTAGTTAGCCGTGGCTTTCTGGTAAGCTACCGTCACTCCCATAGCATTTCCTCTATGAGCCGTTCTTCACTTACAACAGAGCTTTACGATCCGAAGACCTTCTTCACTCACGCGGCATTGCTCGTTCAGGGTTTCCCCCATTGACGAAAATTCCCTACTGCTGCCT"
"73","MET2-EDM3-D15-Post_A08.ab1","raw","NNNNNNNNNNNNNNNNNNNTGCNNCNNCTGTGTGATCCATANTTATNCTCTCTANNCTCTAGNNNNNNTGCNTCCATGTCAAGGCCTGGTAAGGTTCTTCGCGTTGCTTCGAATTAAACCACATACTCCACCGCTTGTGCGGGCCCCCGTCAATTCCTTTGAGTTTCACACTTGCGTGCATACTCCCCAGGCGGAGAACTTATTGCGTTAACTGCAGCACTGAATTCCTCCAACACTTAGTTCTCATCGTTTACGGCGTGGACTACTAGGGTATCTAATCCTATTTGCTCCCCACGCTTTCGTGCCTCAGTGTCAGTTACAGACCAGGCGACCGCCTTCGCCACTGGTGTTCCTCCATATATCTACGCATTTTACCGCTACACATGGAATTCCATCGCCCTCTTCTGCACTCTAGCCTACCAGTTTCCATAGCTTACAATGGTTGAGCCATTGCCTTTTACTACAGACTTAGTACGCCACCTACGCACCCTTTACGCCCAATGATTCCGGATAACGCTTGCCACCTACGTATTACCGCGGCTGCTGGCACGTAGTTAGCCGTGGCTTTCTGGTAAGCTACCGTCACTCCCATAGCATTTCCTCTATGAGCCGTTCTTCACTTACAACAGAGCTTTACGATCCGAAGACCTTCTTCACTCACGCGGCATTGCTCGTTCAGGGTTCCCCCCATTGACGAAAATTCCCTACTGCTGCCTNCCGTACTTTNNNNNNGGNTAANNNN"
"74","MET2-EDM3-D15-Post_A08.ab1","trimmed","TCCATGTCAAGGCCTGGTAAGGTTCTTCGCGTTGCTTCGAATTAAACCACATACTCCACCGCTTGTGCGGGCCCCCGTCAATTCCTTTGAGTTTCACACTTGCGTGCATACTCCCCAGGCGGAGAACTTATTGCGTTAACTGCAGCACTGAATTCCTCCAACACTTAGTTCTCATCGTTTACGGCGTGGACTACTAGGGTATCTAATCCTATTTGCTCCCCACGCTTTCGTGCCTCAGTGTCAGTTACAGACCAGGCGACCGCCTTCGCCACTGGTGTTCCTCCATATATCTACGCATTTTACCGCTACACATGGAATTCCATCGCCCTCTTCTGCACTCTAGCCTACCAGTTTCCATAGCTTACAATGGTTGAGCCATTGCCTTTTACTACAGACTTAGTACGCCACCTACGCACCCTTTACGCCCAATGATTCCGGATAACGCTTGCCACCTACGTATTACCGCGGCTGCTGGCACGTAGTTAGCCGTGGCTTTCTGGTAAGCTACCGTCACTCCCATAGCATTTCCTCTATGAGCCGTTCTTCACTTACAACAGAGCTTTACGATCCGAAGACCTTCTTCACTCACGCGGCATTGCTCGTTCAGGGTTCCCCCCATTGACGAAAATTCCCTACTGCTGCCT"
"75","MET2-EDM3-D15-Post(1)_B08.ab1","raw","NNNNNNNNNNNNNNNNNNTGCNNNNNCTGTCNNNNNTGTCCCCGAAGGNNANTANTCCGATTAAGGAGATGTCATTGGGATGTCAAGCTTAGGTAAGGTTCTTCGCGTTGCTTCGAATTAAACCACATGCTCCGCTACTTGTGCGGGTCCCCGTCAATTCCTTTGAGTTTCACTCTTGCGAGCGTACTTCCCAGGCGGAGTACTTAATGCGTTAGCTGCGGCACCGAAGGGGGTAACCCCCGACACCTAGTACTCATCGTTTACAGCGTGGACTACCAGGGTATCTAATCCTGTTTGCTCCCCACGCTTTCGTGCCTCAGCGTCAGTTACAGTCCAGAGAGCCGCCTTCGCAACTGGTGTTCCTCCTAATATCTACGCATTTCACCGCTACACTAGGAATTCCACTCTCCTCTCCTGCACTCAAGTCTCCCAGTTTCAAGAGCTTACTACGGTTGAGCCGTAGCCTTTCACTCCTGACTTGAAAGACCGCCTACGCACCCTTTACGCCCAGTAAATCCGGATAACGCTAGCCCCCTACGTATTACCGCGGCTGCTGGCACGTAGTTAGCCGGGGCTTCCTCCTCAAGTACCGTCATTATCTTCCTTGAGGACAGAGTTTTACGACCCGAAGGCCTTCATCACTCACGCGGCGTTGCTGCATCAGGCTTTCGCCCATTGTGCAATATTCCCCACTGCTGCCTCCCGNANNTTANNNNNNGGTNANNNNNN"
"76","MET2-EDM3-D15-Post(1)_B08.ab1","trimmed","TCCGATTAAGGAGATGTCATTGGGATGTCAAGCTTAGGTAAGGTTCTTCGCGTTGCTTCGAATTAAACCACATGCTCCGCTACTTGTGCGGGTCCCCGTCAATTCCTTTGAGTTTCACTCTTGCGAGCGTACTTCCCAGGCGGAGTACTTAATGCGTTAGCTGCGGCACCGAAGGGGGTAACCCCCGACACCTAGTACTCATCGTTTACAGCGTGGACTACCAGGGTATCTAATCCTGTTTGCTCCCCACGCTTTCGTGCCTCAGCGTCAGTTACAGTCCAGAGAGCCGCCTTCGCAACTGGTGTTCCTCCTAATATCTACGCATTTCACCGCTACACTAGGAATTCCACTCTCCTCTCCTGCACTCAAGTCTCCCAGTTTCAAGAGCTTACTACGGTTGAGCCGTAGCCTTTCACTCCTGACTTGAAAGACCGCCTACGCACCCTTTACGCCCAGTAAATCCGGATAACGCTAGCCCCCTACGTATTACCGCGGCTGCTGGCACGTAGTTAGCCGGGGCTTCCTCCTCAAGTACCGTCATTATCTTCCTTGAGGACAGAGTTTTACGACCCGAAGGCCTTCATCACTCACGCGGCGTTGCTGCATCAGGCTTTCGCCCATTGTGCAATATTCCCCACTGCTGCCTCCCG"
"77","MET2-EDM3-D15-Post(2)_C08.ab1","raw","NNNNNNNNNNNNNCATGCACCACCTGTCACNAATGTCCCCGAAGGGAANTCTCCGATTAAGGAGATGTCATTGGGATGTCAAGCTTAGGTAAGGTTCTTCGCGTTGCTTCGAATTAAACCACATGCTCCGCTACTTGTGCGGGTCCCCGTCAATTCCTTTGAGTTTCACTCTTGCGAGCGTACTTCCCAGGCGGAGTACTTAATGCGTTAGCTGCGGCACCGAAGGGGGTAACCCCCGACACCTAGTACTCATCGTTTACAGCGTGGACTACCAGGGTATCTAATCCTGTTTGCTCCCCACGCTTTCGTGCCTCAGCGTCAGTTACAGTCCAGAGAGCCGCCTTCGCAACTGGTGTTCCTCCTAATATCTACGCATTTCACCGCTACACTAGGAATTCCACTCTCCTCTCCTGCACTCAAGTCTCCCAGTTTCAAGAGCTTACTACGGTTGAGCCGTAGCCTTTCACTCCTGACTTGAAAGACCGCCTACGCACCCTTTACGCCCAGTAAATCCGGATAACGCTAGCCCCCTACGTATTACCGCGGCTGCTGGCACGTAGTTAGCCGGGGCTTCCTCCTCAAGTACCGTCATTATCTTCCTTGAGGACAGAGTTTTACGACCCGAAGGCCTTCATCACTCACGCGGCGTTGCTGCATCAGGCTTTCGCCCATTGTGCAATATTCCCCACTGCTGCCTCCCGNANNTNANNNNNGGNTNAANN"
"78","MET2-EDM3-D15-Post(2)_C08.ab1","trimmed","AATGTCCCCGAAGGGAANTCTCCGATTAAGGAGATGTCATTGGGATGTCAAGCTTAGGTAAGGTTCTTCGCGTTGCTTCGAATTAAACCACATGCTCCGCTACTTGTGCGGGTCCCCGTCAATTCCTTTGAGTTTCACTCTTGCGAGCGTACTTCCCAGGCGGAGTACTTAATGCGTTAGCTGCGGCACCGAAGGGGGTAACCCCCGACACCTAGTACTCATCGTTTACAGCGTGGACTACCAGGGTATCTAATCCTGTTTGCTCCCCACGCTTTCGTGCCTCAGCGTCAGTTACAGTCCAGAGAGCCGCCTTCGCAACTGGTGTTCCTCCTAATATCTACGCATTTCACCGCTACACTAGGAATTCCACTCTCCTCTCCTGCACTCAAGTCTCCCAGTTTCAAGAGCTTACTACGGTTGAGCCGTAGCCTTTCACTCCTGACTTGAAAGACCGCCTACGCACCCTTTACGCCCAGTAAATCCGGATAACGCTAGCCCCCTACGTATTACCGCGGCTGCTGGCACGTAGTTAGCCGGGGCTTCCTCCTCAAGTACCGTCATTATCTTCCTTGAGGACAGAGTTTTACGACCCGAAGGCCTTCATCACTCACGCGGCGTTGCTGCATCAGGCTTTCGCCCATTGTGCAATATTCCCCACTGCTGCCTCCCG"
"79","MET2-EDM3-D15-Post(3)_D08.ab1","raw","NNNNNNNNNNNNNNNNNNTGCNNNNCCTGTCNCGAATGTCNCCGAAGGNNNNTANNCGATTAAGGAGANGTCATTGGGATGTCAAGCTTAGGTAAGGTTCTTCGCGTTGCTTCGAATTAAACCACATGCTCCGNTACTTGTGCGGGTCCCCGTCAATTCCTTTGAGTTTCACTCTTGCGAGCGTACTTCCCAGGCGGAGTACTTAATGCGTTAGCTGCGGCACCGAAGGGGGTAACCCCCGACACCTAGTACTCATCGTTTACNGCGTGAACTACCAGGGTATCTAATCCTGTTTGCTCCCCANGCTTTCNNGCCTCAGCGTCAGTTACAGTCCANAGAGCCGCCTTCGCAACTGGTGTTCCTCCTAATATCTACGCATTTCACCGCTACACTAGGAATTCCACTCTCCTCTCCTGCACTCAAGTCTCCCAGTTTCAAGAGCTTACTACGGNTGAGCCGTANCCTTTCACTCCTGACTTGAAAGACCGCCTACGCACCCTTTACGCCCAGTAAATCCGGATAACGCTAGCCCCCTACGNATTACCGCGGCTGCTGGCACGNANTTNGCCGGGGCTTCCTCCTCAAGTACCGTCATTATCTTCCTTGANGACAGAGTTTTACGACCCGAAGGCCTTCATCACTCNAGCGGCGTTGCTGCATCAGGCTTTCNCCCATTGTGCAATATTCCCCACTGCTGCCTCCCGNANNTTANTNNNNGGTTAANNNNNN"
"80","MET2-EDM3-D15-Post(3)_D08.ab1","trimmed","GTCATTGGGATGTCAAGCTTAGGTAAGGTTCTTCGCGTTGCTTCGAATTAAACCACATGCTCCGNTACTTGTGCGGGTCCCCGTCAATTCCTTTGAGTTTCACTCTTGCGAGCGTACTTCCCAGGCGGAGTACTTAATGCGTTAGCTGCGGCACCGAAGGGGGTAACCCCCGACACCTAGTACTCATCGTTTACNGCGTGAACTACCAGGGTATCTAATCCTGTTTGCTCCCCANGCTTTCNNGCCTCAGCGTCAGTTACAGTCCANAGAGCCGCCTTCGCAACTGGTGTTCCTCCTAATATCTACGCATTTCACCGCTACACTAGGAATTCCACTCTCCTCTCCTGCACTCAAGTCTCCCAGTTTCAAGAGCTTACTACGGNTGAGCCGTANCCTTTCACTCCTGACTTGAAAGACCGCCTACGCACCCTTTACGCCCAGTAAATCCGGATAACGCTAGCCCCCTACGNATTACCGCGGCTGCTGGCACGNANTTNGCCGGGGCTTCCTCCTCAAGTACCGTCATTATCTTCCTTGANGACAGAGTTTTACGACCCGAAGGCCTTCATCACTCNAGCGGCGTTGCTGCATCAGGCTTTCNCCCATTGTGCAATATTCCCCACTGCTGCCTCCCG"
"81","MET2-EDM3-D15-Post(4)_E08.ab1","raw","NNNNNNNNNNNAANNNTGNNCCACCTGTGNGANNGTNNNTNANGNNNNNANNNNANNAAGGNGNNNCATNNNNGAGGNCTGNTTAGNTCTNGNNCNTCGNGNNGNTTNNAATTAATACNNTGCNCNNGTNCTTGTGCGGGTCCCNTCCTNTTCNTTTGAGTTTTNNTCTTGTAATCGNACTTCCCAGGNNTAATAGNTANAGCTGTAGCTGTGAATTCCACNNNCACTTACCTCTNNNCCTATAANTCNTGGATTACNACGNGAACTAACCCGATATNNNCCCCTGGCTGCCCNGCCNGCTTGCCAGNNACAGAGCCGGTTACNGNCNTCANANCNGNNGTCCCNCCTGATGTNCNTCCNNTTANCNNCNNANTTNGNNNNTNCANNNNNATCTNCNGCNCCTCNCCNGNNNTCTNNCNANCNNNNNNGNAGNNNNNNANTGCNNANNNNTANNNNTTNNTCNNGACNTGANNNANCNNTTACGCNCCNTGTTACNCCGATAANANNNGGANNNNACNANNACCNTANGNNGNAGNGCGGNNGCTGGCCNNGNNTTNNNNGNNNCTTCCNCNNCTCCNNNGNCATTACCTNNNTNGNNNNNTCATNNNTNNNANCCGANNNNNNNCATCNNNNNANCNNCNTNNCTGCNTCAGGNTTGCNCNNNCTGNGNNCNATTCNNNGNTGANGNNTCCCNNNNGNTNNNNNNGGTAAATNANNNGGGGTTAATA"
"82","MET2-EDM3-D15-Post(4)_E08.ab1","trimmed","AGCTGTAGCTGTGAATTCCACNNNCACTTACCTCTNNNCCTATAANTCNTGGATTACNACGNGAACTAACCCGATATNNNCCCCTGGCTGCCCNGCCNGCTTGCCAGNNACAGAGCCGGTTACNGNCNTCANANCNGNNGTCCCNCCTGATGTNCNTCCNNTTANCNNCNNANTTNGNNNNTNCANNNNNATCTNCNGCNCCTCNCCNGNNNTCTNNCNANCNNNNNNGNAGNNNNNNANTGCNNANNNNTANNNNTTNNTCNNGACNTGANNNANCNNTTACGCNCCNTGTTACNCCGATAANANNNGGANNNNACNANNACCNTANGNNGNAGNGCGGNNGCTGGCCNNGNNTTNNNNGNNNCTTCCNCNNCTCCNNNGNCATTACCTNNNTNGNNNNNTCATNNNTNNNANCCGANNNNNNNCATCNNNNNANCNNCNTNNCTGCNTCAGGNTTGCNCNNNCTGNGNNCNATTCNNNGNTGANGNNTCCCNNNNGNTNNNNNNGGTAAATNANN"
"83","MET2-EDM3-D15-Post(5)_F08.ab1","raw","NNNNNNNNNNNNNNNNNTGNNNNNNTGTNNNGANNGTNNNTGAAGNNNANTANNNNANNAANGNGANNTCNTNGNGAGGNCTGCTTAGNTCNNGNTCNTCNNNNNCTTCNAATTAANACNNTGCTCCNGTNCTTGTGCGGGTCCNCNNCTNTTCCTTTGAGTTTTNNTCTTGNNATCGNACTTCCCAGGNNTAATAGNTAATGCTGTAGCTGTGAATTCNANCGACANTTACCTCNANACCTATAANTCNTGGATTACNACGNGAACTAACCCGATATNCNCCCCTGNTTGCCCCCCNCGCTTGCNNGNNACAGAGNNANNNACNGCCNTCAGAGCNGNCNTNNCTNCTGGTGTTCCTCCTATTANCTNCNNNNTTTGNCGNTNCANNNNGNNNTNCNGNNCCTCTCCTGNNNNCNNNNNTANCNNNNNNNGANNNNACTANTGNNGATNNCTANNNNTTNNTCNNGACNTGANNNANCNNNTACGCNCNNNTTNCNCNGATAANNNNNGGATNNNNCNNNNACCCTANGNAGNAGNNCNGNNGCTGGNNNNGANTTNNNNGNNNCTTCCNCNTCNNNNNNGNCATTACCTNCNTNGNNNANNCATCTTTACGACCCGANNNNNNTCATCNNTNNAGCNTCNTCGCTNNNTCAGGNTTGCNCNNNNTGGGNACNATTCNNNNCTGATGANTCCCNAANGNTGNNGNNNGGTAAATNATGNNNGTTANNA"
"84","MET2-EDM3-D15-Post(5)_F08.ab1","trimmed","TGGATTACNACGNGAACTAACCCGATATNCNCCCCTGNTTGCCCCCCNCGCTTGCNNGNNACAGAGNNANNNACNGCCNTCAGAGCNGNCNTNNCTNCTGGTGTTCCTCCTATTANCTNCNNNNTTTGNCGNTNCANNNNGNNNTNCNGNNCCTCTCCTGNNNNCNNNNNTANCNNNNNNNGANNNNACTANTGNNGATNNCTANNNNTTNNTCNNGACNTGANNNANCNNNTACGCNCNNNTTNCNCNGATAANNNNNGGATNNNNCNNNNACCCTANGNAGNAGNNCNGNNGCTGGNNNNGANTTNNNNGNNNCTTCCNCNTCNNNNNNGNCATTACCTNCNTNGNNNANNCATCTTTACGACCCGANNNNNNTCATCNNTNNAGCNTCNTCGCTNNNTCAGGNTTGCNCNNNNTGGGNACNATTCNNNNCTGATGANTCCCNAANGNTGNNGNNNGGTAAATNATGNNNGTTA"
"85","MET2-EDM3-D15-Post(6)_G08.ab1","raw","NNNNNNNNNNNNNNNATGNNCNACCTGTNNNNNNTGTNNNNGAAGGNANTANNCGANTAAGGAGANNTCATNNNGGATGNCAAGCTTAGGTNAGGNTCTTCGCGTTGCTTCGAATTAANACNNNTGCTCCGGTACTTGTGCGGGTCCCCNNCAATTCCTTTGAGTTTTNNTCTTGCAAGCGTAATTCCCAGGNNGAATAGTTAATGCTGTAGCTGCGGAATCGAAGGGGGTAAACCCCGACACCTATAANTCNTGGATTACAGCGGGAACTACCCCGGTATCTAATCCTGTTTGTTCCCCCCGCTTTCNNGCCTCAGAGNCNGTTACAGNCCANAGANNNGCCTTCGCNNCTGGTGTTCCTCCTAATATCTACNCATTTTNCCGCTNCACTANGANTTCNNNTCTCCTCTCCTGCNNTCNNNNNTNNNNNNTTNNGANCTTANTANNGNNGANNCGTANNCNTTCANTNNNGACNTGNNNGACCNNCTACGCACCNTTTACNCCNANNANATCNGGATNANNCNANNNNCCTACNNNNNAGCGCGGCTGCTGNCNCGGANTTNGTCGNGGCTTCCTCCTCNNNNANNNNCATTATCTTCNTNGNNNACANANNNNTACGACCNGAACNNNNNNATCANTCNAGCNNNNTCGCTGNNTCAGGNTTNCNCNNNNTGNGCTNNATTCANNNNNGATGCCTCCCNNANNNNNNNNNGGTAANNANNNNNNNTTAANA"
"86","MET2-EDM3-D15-Post(6)_G08.ab1","trimmed","TGCTCCGGTACTTGTGCGGGTCCCCNNCAATTCCTTTGAGTTTTNNTCTTGCAAGCGTAATTCCCAGGNNGAATAGTTAATGCTGTAGCTGCGGAATCGAAGGGGGTAAACCCCGACACCTATAANTCNTGGATTACAGCGGGAACTACCCCGGTATCTAATCCTGTTTGTTCCCCCCGCTTTCNNGCCTCAGAGNCNGTTACAGNCCANAGANNNGCCTTCGCNNCTGGTGTTCCTCCTAATATCTACNCATTTTNCCGCTNCACTANGANTTCNNNTCTCCTCTCCTGCNNTCNNNNNTNNNNNNTTNNGANCTTANTANNGNNGANNCGTANNCNTTCANTNNNGACNTGNNNGACCNNCTACGCACCNTTTACNCCNANNANATCNGGATNANNCNANNNNCCTACNNNNNAGCGCGGCTGCTGNCNCGGANTTNGTCGNGGCTTCCTCCTCNNNNANNNNCATTATCTTCNTNGNNNACANANNNNTACGACCNGAACNNNNNNATCANTCNAGCNNNNTCGCTGNNTCAGGNTTNCNCNNNNTGNGCTNNATTCANNNNNGATGCCTCCCNNANNNNNNNNNGGTAANNANNNNNNNTTAA"
"87","MET2-EDM3-D15-Post(7)_H08.ab1","raw","NNNNNNNNNNNNNNNNTGNNCGNNCTGTNNNGANNGTNNNTGAAGNNANTANNNNANNAAGNNNNNNCATTGNGAGGNCNGNTTAGNTCTNGNTCNTCGCGNTGNTTCNAATTAANACNNTGCTCNTGTNCNTGTGCGGGTCCCNTCCNNNCNTTTGAGTTTTNNTCTTGCAAGCGTACTTCCCAGGNNTAATAGNTAANGCTGTAGCTGCGAAATCGACCGNGGNATACCTCTNNNCCTATAACTCNTGGATTACAACGNGAACTAACCCGATNTNTNNCCCTGNTTGTCCCGCNNGCTTGNNNGNNACAGANNNNGTTACNGCCTTCANANCCGNCNTNNCNCCTGATGTNCNNCCNATTAACTACNNNTTTNGNNNNTNCANNNNNANNCTNCTGNCNCCTCNCNNGNNNNCTNNNNNNNNNNNNNNANNNNACNANTGCNNNNCACTANNNNTTANTCNNGACNTGANNNANCNNTTACGCCCNNNTTNNNCNGANAANNTCNGGATAANACNNANNACCCNANNNNGNANNGCNGNNGCTGGNNCNGACTTNNNNNNNNCTTCCNCNNCNNNNANNNNCATTACCTNCATNGNNNANNCATCNTTANNANCNGAACGTTNTCATCANTCNAGCGTCNTCGCTGNNTCAGGNTTGCNCNNNNTGNGCACNATTCNNNGCTGCTGNNTCCCNAANGNTNNNGNNNGGTAANTANNTGAGGGNTTAATN"
"88","MET2-EDM3-D15-Post(7)_H08.ab1","trimmed","GCTGTAGCTGCGAAATCGACCGNGGNATACCTCTNNNCCTATAACTCNTGGATTACAACGNGAACTAACCCGATNTNTNNCCCTGNTTGTCCCGCNNGCTTGNNNGNNACAGANNNNGTTACNGCCTTCANANCCGNCNTNNCNCCTGATGTNCNNCCNATTAACTACNNNTTTNGNNNNTNCANNNNNANNCTNCTGNCNCCTCNCNNGNNNNCTNNNNNNNNNNNNNNANNNNACNANTGCNNNNCACTANNNNTTANTCNNGACNTGANNNANCNNTTACGCCCNNNTTNNNCNGANAANNTCNGGATAANACNNANNACCCNANNNNGNANNGCNGNNGCTGGNNCNGACTTNNNNNNNNCTTCCNCNNCNNNNANNNNCATTACCTNCATNGNNNANNCATCNTTANNANCNGAACGTTNTCATCANTCNAGCGTCNTCGCTGNNTCAGGNTTGCNCNNNNTGNGCACNATTCNNNGCTGCTGNNTCCCNAANGNTNNNGNNNGGTAANTANNTGAGGGNTTAAT"
"89","NB2_C05.ab1","raw","NNNNNNNNNNNNNNNNNNNNNTGCANNACCTGTCTCCNCTGTCCCGAAGGAAAGNNNNNGGTTAAGANNNNCGGTCAGAGGGATGTCAAGACTTGGTAAGGTTCTTCGCGTTGCTTCGAATTAAACCACATGCTCCACCGCTTGTGCGGGTCCCCGTCAATTCCTTTGAGTTTCATTCTTGCGAACGTACTCCCCAGGTGGAATACTTAATGCGTTTGCGGCGGCACCGAAGAGCTTTGCTCCCCAACACCTAGTATTCATCGTTTACGGCGTGGACTACCAGGGTATCTAATCCTGTTTGCTCCCCACGCTTTCGAGCCTCAACGTCAGTTACCGTCCAGTAAGCCGCCTTCGCCACTGGTGTTCCTCCTAATATCTACGCATTTCACCGCTACACTAGGAATTCCGCTTACCTCTCCGGCACTCAAGACTAACAGTTTCCAATGCAGTCCAGGGGTTGAGCCCCCGCCTTTCACATCAGACTTGCCAGTCCGTCTACGCTCCCTTTACACCCAGTAAATCCGGATAACGCTTGCCCCCTACGTATTACCGCGGCTGCTGGCACGTAGTTAGCCGGGGCTTCTTAGTCAGGTACCGTCACTATCTTCCCTGCTGATAGAAGTTTACATACCGAGATACTTCTTCCTTCACGCGGCGTCGCTGCATCAGGGTTTCCCCCATTGTGCAATATTCCCCACTGCTGCCTNCCGTACTNNNNNNNNGNNTNNNNNANN"
"90","NB2_C05.ab1","trimmed","CGGTCAGAGGGATGTCAAGACTTGGTAAGGTTCTTCGCGTTGCTTCGAATTAAACCACATGCTCCACCGCTTGTGCGGGTCCCCGTCAATTCCTTTGAGTTTCATTCTTGCGAACGTACTCCCCAGGTGGAATACTTAATGCGTTTGCGGCGGCACCGAAGAGCTTTGCTCCCCAACACCTAGTATTCATCGTTTACGGCGTGGACTACCAGGGTATCTAATCCTGTTTGCTCCCCACGCTTTCGAGCCTCAACGTCAGTTACCGTCCAGTAAGCCGCCTTCGCCACTGGTGTTCCTCCTAATATCTACGCATTTCACCGCTACACTAGGAATTCCGCTTACCTCTCCGGCACTCAAGACTAACAGTTTCCAATGCAGTCCAGGGGTTGAGCCCCCGCCTTTCACATCAGACTTGCCAGTCCGTCTACGCTCCCTTTACACCCAGTAAATCCGGATAACGCTTGCCCCCTACGTATTACCGCGGCTGCTGGCACGTAGTTAGCCGGGGCTTCTTAGTCAGGTACCGTCACTATCTTCCCTGCTGATAGAAGTTTACATACCGAGATACTTCTTCCTTCACGCGGCGTCGCTGCATCAGGGTTTCCCCCATTGTGCAATATTCCCCACTGCTGCCT"
"91","P16-008_H02.ab1","raw","NNNNNNNNNNNNNNNNNNNTGNNNNNNCTGTCACCGNTGTTCCGAAGAAAAGGANACATTACTGTCCGGTCACCNGGGATGTCAAGACTTGGTAAGGTTCTTCGCGTTGCTTCGAATTAAACCACATGCTCCACCGCTTGTGCGGGTCCCCGTCAATTCCTTTGAGTTTCATTCTTGCGAACGTACTCCCCAGGTGGAATACTTAATGCGTTTGCGGCGGCACCGAAAAGCTGTGCTTTCCGACACCTAGTATTCATCGTTTACGGCGTGGACTACCAGGGTATCTAATCCTGTTTGCTCCCCACGCTTTCGAGCCTCAGCGTCAGTTATCGTCCAGTAAGCCGCCTTCGCCACTGGTGTTCCTCCTAATATCTACGCATTTCACCGCTACACTAGGAATTCCACTTACCCCTCCGACACTCTAGATGACCAGTTTCCAATGCAGTACCGGGGTTGAGCCCCGGGCTTTCACATCAGACTTAGCCTTCCGCCTGCGCTCCCTTTACACCCAGTAAATCCGGATAACGCTTGCACCATACGTATTACCGCGGCTGCTGGCACGTATTTAGCCGGTGCTTCTTAGTCAGGTACCGTCATTTCTTCTTCCCTGCTGATAGAGCTTTACATACCGAAATACTTCTTCGCTCACGCGGCGTCGCTGCATCAGGGTTTCCCCCATTGTGCAATATTCCCCACTGCTGCCTNNNGTACTTNNNNNNGGNNNNNN"
"92","P16-008_H02.ab1","trimmed","GGGATGTCAAGACTTGGTAAGGTTCTTCGCGTTGCTTCGAATTAAACCACATGCTCCACCGCTTGTGCGGGTCCCCGTCAATTCCTTTGAGTTTCATTCTTGCGAACGTACTCCCCAGGTGGAATACTTAATGCGTTTGCGGCGGCACCGAAAAGCTGTGCTTTCCGACACCTAGTATTCATCGTTTACGGCGTGGACTACCAGGGTATCTAATCCTGTTTGCTCCCCACGCTTTCGAGCCTCAGCGTCAGTTATCGTCCAGTAAGCCGCCTTCGCCACTGGTGTTCCTCCTAATATCTACGCATTTCACCGCTACACTAGGAATTCCACTTACCCCTCCGACACTCTAGATGACCAGTTTCCAATGCAGTACCGGGGTTGAGCCCCGGGCTTTCACATCAGACTTAGCCTTCCGCCTGCGCTCCCTTTACACCCAGTAAATCCGGATAACGCTTGCACCATACGTATTACCGCGGCTGCTGGCACGTATTTAGCCGGTGCTTCTTAGTCAGGTACCGTCATTTCTTCTTCCCTGCTGATAGAGCTTTACATACCGAAATACTTCTTCGCTCACGCGGCGTCGCTGCATCAGGGTTTCCCCCATTGTGCAATATTCCCCACTGCTGCCT"
"93","P30-008_A03.ab1","raw","NNNNNNNNNNNNNNNNNNTGCAGCACCTGTCTCACNGGTTCCCGAAGGCACNTNTNCNNCATCTCNGNNNNNTTCNCGTGGATGTCAAGACCAGGTAAGGTTCTTCGCGTTGCATCGAATTAAACCACATGCTCCACCGCTTGTGCGGGCCCCCGTCAATTCATTTGAGTTTTAACCTTGCGGCCGTACTCCCCAGGCGGTCGACTTAACGCGTTAGCTCCGGAAGCCACGCCTCAAGGGCACAACCTCCAAGTCGACATCGTTTACGGCGTGGACTACCAGGGTATCTAATCCTGTTTGCTCCCCACGCTTTCGCACCTGAGCGTCAGTCTTCGTCCAGGGGGCCGCCTTCGCCACCGGTATTCCTCCAGATCTCTACGCATTTCACCGCTACACCTGGAATTCTACCCCCCTCTACGAGACTCAAGCTTGCCAGTATCAGATGCAGTTCCCAGGTTGAGCCCGGGGATTTCACATCTGACTTAACAAACCGCCTGCGTGCGCTTTACGCCCAGTAATTCCGATTAACGCTTGCACCCTCCGTATTACCGCGGCTGCTGGCACGGAGTTAGCCGGTGCTTCTTCTGCGGGTAACGTCAATGAGCAAAGGTATTAACTTTACTCCCTTCCTCCCCGCTGAAAGTACTTTACAACCCGAAGGCCTTCTTCATACACGCGGCATGGCTGCATCAGGCTTGCGCCCATTGTGCAATATTCCCCACTGCTGCCTNCNGTACTTTNNNNNGGGNTNNNNNNN"
"94","P30-008_A03.ab1","trimmed","CGTGGATGTCAAGACCAGGTAAGGTTCTTCGCGTTGCATCGAATTAAACCACATGCTCCACCGCTTGTGCGGGCCCCCGTCAATTCATTTGAGTTTTAACCTTGCGGCCGTACTCCCCAGGCGGTCGACTTAACGCGTTAGCTCCGGAAGCCACGCCTCAAGGGCACAACCTCCAAGTCGACATCGTTTACGGCGTGGACTACCAGGGTATCTAATCCTGTTTGCTCCCCACGCTTTCGCACCTGAGCGTCAGTCTTCGTCCAGGGGGCCGCCTTCGCCACCGGTATTCCTCCAGATCTCTACGCATTTCACCGCTACACCTGGAATTCTACCCCCCTCTACGAGACTCAAGCTTGCCAGTATCAGATGCAGTTCCCAGGTTGAGCCCGGGGATTTCACATCTGACTTAACAAACCGCCTGCGTGCGCTTTACGCCCAGTAATTCCGATTAACGCTTGCACCCTCCGTATTACCGCGGCTGCTGGCACGGAGTTAGCCGGTGCTTCTTCTGCGGGTAACGTCAATGAGCAAAGGTATTAACTTTACTCCCTTCCTCCCCGCTGAAAGTACTTTACAACCCGAAGGCCTTCTTCATACACGCGGCATGGCTGCATCAGGCTTGCGCCCATTGTGCAATATTCCCCACTGCTGCCT"
"95","P36-008_B03.ab1","raw","NNNNNNNNNNNNNNNNNNNTGCAGCACCTTNNNNNNNNGCCTTACGGCTATACTGTTTCCAATATATTCTGTTGCAATTTAAGCCCGGGTAAGGTTCCTCGCGTATCATCGAATTAAACCACATGTTCCTCCGCTTGTGCGGGCCCCCGTCAATTCCTTTGAGTTTCACCGTTGCCGGCGTACTCCCCAGGTGGAATACTTAATGCTTTCGCTTGGCCGCTTACTGTATATCGCAAACAGCGAGTATTCATCGTTTACTGTGTGGACTACCAGGGTATCTAATCCTGTTTGATACCCACACTTTCGAGCATCAGTGTCAGTGACAGTCTAGTGAGCTGCCTTCGCAATCGGAGTTCTTCGTGATATCTAAGCATTTCACCGCTACACCACGAATTCCGCCCACCTCTACTGTACTCAAGACTGCCAGTTTCAACTGCAATTTTACGGTTGAGCCGCAAACTTTCACAACTGACTTAACAATCCACCTACGCTCCCTTTAAACCCAATAAATCCGGATAACGCTCGGATCCTCCGTATTACCGCGGCTGCTGGCACGGAGTTAGCCGATCCTTATTCATATGGTACATACAAAATTCCACACGTGGAATACTTTATTCCCATATAAAAGAAGTTTACGACCCATAGAGCCTTCATCCTTCACGCTACTTGGCTGGTTNNNNNNCTCGCCCATTGACCAATATTCCTCACTGCTGCCTNNNGTACTTTANNNNNGGGTTNNNNANN"
"96","P36-008_B03.ab1","trimmed","GCCTTACGGCTATACTGTTTCCAATATATTCTGTTGCAATTTAAGCCCGGGTAAGGTTCCTCGCGTATCATCGAATTAAACCACATGTTCCTCCGCTTGTGCGGGCCCCCGTCAATTCCTTTGAGTTTCACCGTTGCCGGCGTACTCCCCAGGTGGAATACTTAATGCTTTCGCTTGGCCGCTTACTGTATATCGCAAACAGCGAGTATTCATCGTTTACTGTGTGGACTACCAGGGTATCTAATCCTGTTTGATACCCACACTTTCGAGCATCAGTGTCAGTGACAGTCTAGTGAGCTGCCTTCGCAATCGGAGTTCTTCGTGATATCTAAGCATTTCACCGCTACACCACGAATTCCGCCCACCTCTACTGTACTCAAGACTGCCAGTTTCAACTGCAATTTTACGGTTGAGCCGCAAACTTTCACAACTGACTTAACAATCCACCTACGCTCCCTTTAAACCCAATAAATCCGGATAACGCTCGGATCCTCCGTATTACCGCGGCTGCTGGCACGGAGTTAGCCGATCCTTATTCATATGGTACATACAAAATTCCACACGTGGAATACTTTATTCCCATATAAAAGAAGTTTACGACCCATAGAGCCTTCATCCTTCACGCTACTTGGCTGGTTNNNNNNCTCGCCCATTGACCAATATTCCTCACTGCTGCCT"
"97","P37(1)-008_C03.ab1","raw","NNNNNNNNNNNNNNNNNNNNGNNNNNNNNNTGTCNNNNNNGNNNNGAANANANGTNANNATTANNANNNGGTCACCGGGATGTCAAGGCCTGGTAAGGTTCTTCGCGTTGCTTCGAATTAAACCACATGCTCCACCGCTTGTGCGGGTCCCCGTCAATTCCTTTGAGTTTCATTCTTGCGAACGTACTCCCCAGGTGGAATACTTATTGCGTTTGCTGCGGCACCGAAGCTCTTATGAGCCCCGACACCTAGTATTCATCGTTTACGGCGTGGACTACCAGGGTATCTAATCCTGTTTGCTCCCCACGCTTTCGAGCCTCAGCGTCATTGTCAGTCCAGTAAGCCGCCTTCGCCACTGGTGTTCCTCCTAATATCTACGCATTTCACCGCTACACTAGGAATTCCGCTTACCTCTCCTGAAATCAAGCAGGGCAGTTTCAAAAGCCGTCCCGGGGTTGAGCCCCGGGCTTTCACTTCTGACTTGCTCCGCCGCCTACGCTCCCTTTACACCCAGTAAATCCGGATAACGCTTGCCCCCTACGTATTACCGCGGCTGCTGGCACGTAGTTAGCCGGGGCTTCTTAGTCAGGTACCGTCATTATCTTCCCTGCTGATAGAAGTTTACATACCGAGATACTTCTTCCTTCACGCGGCGTCGCTGCATCAGGGTTTCCCCCATTGTGCAATATTCCCCACTGCTGCCTNCCGTACTTTAGTGNGGNNNNAANNN"
"98","P37(1)-008_C03.ab1","trimmed","GGTCACCGGGATGTCAAGGCCTGGTAAGGTTCTTCGCGTTGCTTCGAATTAAACCACATGCTCCACCGCTTGTGCGGGTCCCCGTCAATTCCTTTGAGTTTCATTCTTGCGAACGTACTCCCCAGGTGGAATACTTATTGCGTTTGCTGCGGCACCGAAGCTCTTATGAGCCCCGACACCTAGTATTCATCGTTTACGGCGTGGACTACCAGGGTATCTAATCCTGTTTGCTCCCCACGCTTTCGAGCCTCAGCGTCATTGTCAGTCCAGTAAGCCGCCTTCGCCACTGGTGTTCCTCCTAATATCTACGCATTTCACCGCTACACTAGGAATTCCGCTTACCTCTCCTGAAATCAAGCAGGGCAGTTTCAAAAGCCGTCCCGGGGTTGAGCCCCGGGCTTTCACTTCTGACTTGCTCCGCCGCCTACGCTCCCTTTACACCCAGTAAATCCGGATAACGCTTGCCCCCTACGTATTACCGCGGCTGCTGGCACGTAGTTAGCCGGGGCTTCTTAGTCAGGTACCGTCATTATCTTCCCTGCTGATAGAAGTTTACATACCGAGATACTTCTTCCTTCACGCGGCGTCGCTGCATCAGGGTTTCCCCCATTGTGCAATATTCCCCACTGCTGCCTNCCGTACTTTAGTG"
"99","P40(J)-008_D03.ab1","raw","NNNNNNNNNNNNNNNNNNNNTGNNNNNCCTGTTTTCGTGTCCCCGAAGGGAGGGANCTATCTCTAGGTCTTTCACTCAATGTCAAGCCTTGGTAAGGTTCTTCGCGTTGCGTCGAATTAAACCACATACTCCACCGCTTGTGCGGGCCCCCGTCAATTCCTTTGAGTTTCAATCTTGCGATCGTAGTCCCCAGGCGGGATACTTATTGCGTTAACTCCGGCACAGAAGGGGTCGATACCTCCTACACCTAGTATCCATCGTTTACGGCCAGGACTACCGGGGTATCTAATCCCGTTTGCTACCCTGGCTTTCGCATCTCAGCGTCAGACACAGTCCAGAAAGGCGCCTTCGCCACTGGTGTTCCTCCCAATATCTACGCATTTCACCGCTACACTGGGAATTCCCCTTTCCTCTCCTGCACTCAAGACTTCCAGTATCCAACGCCATACGGGGTTAAGCCCCGCATTTTCACGTCAGACTTAAAAGCCCGCCTACATGCTCTTTACGCCCAATAATTCCGGACAACGCTTGCCACCTACGTATTACCGCGGCTGCTGGCACGTAGTTAGCCGTGGCTTCCTCGTTAGGTACCGTCAACACCATGACCTGTTCGAACACGGTGCTTTCGTCCCTAACAACAGAGTTTTACAATCCGAAGACCTTCATCACTCACGCGGCGTTGCTCCGTCAGACTTTCGTCCATTGCGGAAGATTCCCCACTGCTGCCTNCCGTACTTNNNNNNGGNNTNNNNNNNNN"
"100","P40(J)-008_D03.ab1","trimmed","CTATCTCTAGGTCTTTCACTCAATGTCAAGCCTTGGTAAGGTTCTTCGCGTTGCGTCGAATTAAACCACATACTCCACCGCTTGTGCGGGCCCCCGTCAATTCCTTTGAGTTTCAATCTTGCGATCGTAGTCCCCAGGCGGGATACTTATTGCGTTAACTCCGGCACAGAAGGGGTCGATACCTCCTACACCTAGTATCCATCGTTTACGGCCAGGACTACCGGGGTATCTAATCCCGTTTGCTACCCTGGCTTTCGCATCTCAGCGTCAGACACAGTCCAGAAAGGCGCCTTCGCCACTGGTGTTCCTCCCAATATCTACGCATTTCACCGCTACACTGGGAATTCCCCTTTCCTCTCCTGCACTCAAGACTTCCAGTATCCAACGCCATACGGGGTTAAGCCCCGCATTTTCACGTCAGACTTAAAAGCCCGCCTACATGCTCTTTACGCCCAATAATTCCGGACAACGCTTGCCACCTACGTATTACCGCGGCTGCTGGCACGTAGTTAGCCGTGGCTTCCTCGTTAGGTACCGTCAACACCATGACCTGTTCGAACACGGTGCTTTCGTCCCTAACAACAGAGTTTTACAATCCGAAGACCTTCATCACTCACGCGGCGTTGCTCCGTCAGACTTTCGTCCATTGCGGAAGATTCCCCACTGCTGCCT"
"101","P40(K)-008_E03.ab1","raw","NNNNNNNNNNNNNNNNNNATGNNNNNCCTGTTTTCNGNGTCCCCGAAGNNNAGGNANCTANNCTCNAGGTCTTTCACTCAATNGTCAAGCCTTGGTAAGGTTCTTCGCGTTGCGTCGAATTAAACCACATACTCCACCGCTTGTGCGGGCCCCCGTCAATTCCTTTGAGTTTCAATCTTGCGATCGTAGTCCCCAGGCGGGATACTTATTGCGTTAACTCCGGCACAGAAGGGGTCGATACCTCCTACACCTAGTATCCATCGTTTACGGCCAGGACTACCGGGGTATCTAATCCCGTTTGCTACCCTGGCTTTCGCATCTCAGCGTCAGACACAGTCCAGAAAGGCGCCTTCGCCACTGGTGTTCCTCCCAATATCTACGCATTTCACCGCTACACTGGGAATTCCCCTTTCCTCTCCTGCACTCAAGACTTCCAGTATCCAACGCCATACGGGGTTAAGCCCCGCATTTTCACGTCAGACTTAAAAGCCCGCCTACATGCTCTTTACGCCCAATAATTCCGGACAACGCTTGCCACCTACGTATTACCGCGGCTGCTGGCACGTAGTTAGCCGTGGCTTCCTCGTTAGGTACCGTCAACACCATGACCTGTTCGAACACGGTGCTTTCGTCCCTAACAACAGAGTTTTACAATCCGAAGACCTTCATCACTCACGCGGCGTTGCTCCGTCAGACTTTCGTCCATTGCGGAAGATTCCCCACTGCTGCCTNCCGTACTTTNNNNNGGNNNANNNNN"
"102","P40(K)-008_E03.ab1","trimmed","GTCAAGCCTTGGTAAGGTTCTTCGCGTTGCGTCGAATTAAACCACATACTCCACCGCTTGTGCGGGCCCCCGTCAATTCCTTTGAGTTTCAATCTTGCGATCGTAGTCCCCAGGCGGGATACTTATTGCGTTAACTCCGGCACAGAAGGGGTCGATACCTCCTACACCTAGTATCCATCGTTTACGGCCAGGACTACCGGGGTATCTAATCCCGTTTGCTACCCTGGCTTTCGCATCTCAGCGTCAGACACAGTCCAGAAAGGCGCCTTCGCCACTGGTGTTCCTCCCAATATCTACGCATTTCACCGCTACACTGGGAATTCCCCTTTCCTCTCCTGCACTCAAGACTTCCAGTATCCAACGCCATACGGGGTTAAGCCCCGCATTTTCACGTCAGACTTAAAAGCCCGCCTACATGCTCTTTACGCCCAATAATTCCGGACAACGCTTGCCACCTACGTATTACCGCGGCTGCTGGCACGTAGTTAGCCGTGGCTTCCTCGTTAGGTACCGTCAACACCATGACCTGTTCGAACACGGTGCTTTCGTCCCTAACAACAGAGTTTTACAATCCGAAGACCTTCATCACTCACGCGGCGTTGCTCCGTCAGACTTTCGTCCATTGCGGAAGATTCCCCACTGCTGCCT"
"103","P40(L)-008_F03.ab1","raw","NNNNNNNNNNNNNNNNNNTGNNNNNCCTGTTTTCGNGTCCCCGAAGGGAGGGANCTATCTCTAGGTCTTTCACTCAATGTCAAGCCTTGGTAAGGTTCTTCGCGTTGCGTCGAATTAAACCACATACTCCACCGCTTGTGCGGGCCCCCGTCAATTCCTTTGAGTTTCAATCTTGCGATCGTAGTCCCCAGGCGGGATACTTATTGCGTTAACTCCGGCACAGAAGGGGTCGATACCTCCTACACCTAGTATCCATCGTTTACGGCCAGGACTACCGGGGTATCTAATCCCGTTTGCTACCCTGGCTTTCGCATCTCAGCGTCAGACACAGTCCAGAAAGGCGCCTTCGCCACTGGTGTTCCTCCCAATATCTACGCATTTCACCGCTACACTGGGAATTCCCCTTTCCTCTCCTGCACTCAAGACTTCCAGTATCCAACGCCATACGGGGTTAAGCCCCGCATTTTCACGTCAGACTTAAAAGCCCGCCTACATGCTCTTTACGCCCAATAATTCCGGACAACGCTTGCCACCTACGTATTACCGCGGCTGCTGGCACGTAGTTAGCCGTGGCTTCCTCGTTAGGTACCGTCAACACCATGACCTGTTCGAACACGGTGCTTTCGTCCCTAACAACAGAGTTTTACAATCCGAAGACCTTCATCACTCACGCGGCGTTGCTCCGTCAGACTTTCGTCCATTGCGGAAGATTCCCCACTGCTGCCTNNNGTACTTTNNNNNGGNNNAANNN"
"104","P40(L)-008_F03.ab1","trimmed","CTATCTCTAGGTCTTTCACTCAATGTCAAGCCTTGGTAAGGTTCTTCGCGTTGCGTCGAATTAAACCACATACTCCACCGCTTGTGCGGGCCCCCGTCAATTCCTTTGAGTTTCAATCTTGCGATCGTAGTCCCCAGGCGGGATACTTATTGCGTTAACTCCGGCACAGAAGGGGTCGATACCTCCTACACCTAGTATCCATCGTTTACGGCCAGGACTACCGGGGTATCTAATCCCGTTTGCTACCCTGGCTTTCGCATCTCAGCGTCAGACACAGTCCAGAAAGGCGCCTTCGCCACTGGTGTTCCTCCCAATATCTACGCATTTCACCGCTACACTGGGAATTCCCCTTTCCTCTCCTGCACTCAAGACTTCCAGTATCCAACGCCATACGGGGTTAAGCCCCGCATTTTCACGTCAGACTTAAAAGCCCGCCTACATGCTCTTTACGCCCAATAATTCCGGACAACGCTTGCCACCTACGTATTACCGCGGCTGCTGGCACGTAGTTAGCCGTGGCTTCCTCGTTAGGTACCGTCAACACCATGACCTGTTCGAACACGGTGCTTTCGTCCCTAACAACAGAGTTTTACAATCCGAAGACCTTCATCACTCACGCGGCGTTGCTCCGTCAGACTTTCGTCCATTGCGGAAGATTCCCCACTGCTGCCT"
"105","P40(M)-008_G03.ab1","raw","NNNNNNNNNNNNNNNNNNNTGCNNNACCTGTTTTCGTGTCCCCGAAGNNNNGGANCTATCTCTAGGTCTTTCACTCAATGTCAAGCCTTGGTAAGGTTCTTCGCGTTGCGTCGAATTAAACCACATACTCCACCGCTTGTGCGGGCCCCCGTCAATTCCTTTGAGTTTCAATCTTGCGATCGTAGTCCCCAGGCGGGATACTTATTGCGTTAACTCCGGCACAGAAGGGGTCGATACCTCCTACACCTAGTATCCATCGTTTACGGCCAGGACTACCGGGGTATCTAATCCCGTTTGCTACCCTGGCTTTCGCATCTCAGCGTCAGACACAGTCCAGAAAGGCGCCTTCGCCACTGGTGTTCCTCCCAATATCTACGCATTTCACCGCTACACTGGGAATTCCCCTTTCCTCTCCTGCACTCAAGACTTCCAGTATCCAACGCCATACGGGGTTAAGCCCCGCATTTTCACGTCAGACTTAAAAGCCCGCCTACATGCTCTTTACGCCCAATAATTCCGGACAACGCTTGCCACCTACGTATTACCGCGGCTGCTGGCACGTAGTTAGCCGTGGCTTCCTCGTTAGGTACCGTCAACACCATGACCTGTTCGAACACGGTGCTTTCGTCCCTAACAACAGAGTTTTACAATCCGAAGACCTTCATCACTCACGCGGCGTTGCTCCGTCAGACTTTCGTCCATTGCGGAAGATTCCCCACTGCTGCCTTCCGTACTTTNNNNGGGNTNNNN"
"106","P40(M)-008_G03.ab1","trimmed","CTATCTCTAGGTCTTTCACTCAATGTCAAGCCTTGGTAAGGTTCTTCGCGTTGCGTCGAATTAAACCACATACTCCACCGCTTGTGCGGGCCCCCGTCAATTCCTTTGAGTTTCAATCTTGCGATCGTAGTCCCCAGGCGGGATACTTATTGCGTTAACTCCGGCACAGAAGGGGTCGATACCTCCTACACCTAGTATCCATCGTTTACGGCCAGGACTACCGGGGTATCTAATCCCGTTTGCTACCCTGGCTTTCGCATCTCAGCGTCAGACACAGTCCAGAAAGGCGCCTTCGCCACTGGTGTTCCTCCCAATATCTACGCATTTCACCGCTACACTGGGAATTCCCCTTTCCTCTCCTGCACTCAAGACTTCCAGTATCCAACGCCATACGGGGTTAAGCCCCGCATTTTCACGTCAGACTTAAAAGCCCGCCTACATGCTCTTTACGCCCAATAATTCCGGACAACGCTTGCCACCTACGTATTACCGCGGCTGCTGGCACGTAGTTAGCCGTGGCTTCCTCGTTAGGTACCGTCAACACCATGACCTGTTCGAACACGGTGCTTTCGTCCCTAACAACAGAGTTTTACAATCCGAAGACCTTCATCACTCACGCGGCGTTGCTCCGTCAGACTTTCGTCCATTGCGGAAGATTCCCCACTGCTGCCTTCCGTACTTT"
"107","P5-008_E02.ab1","raw","NNNNNNNNNNNNNNNNNNNNGNNNNNNTNNCNNNNNNTGTTCCNGAAGNNNNNAGNNNANNTTACTNANGCCGTCACCGGGATGTCAAGAGCAGGTAAGGTTCTTCGCGTTGCTTCGAATTAAACCACATGCTCCACCGCTTGTGCGGGTCCCCGTCAATTCCTTTGAGTTTCATTCTTGCGAACGTACTCCCCAGGTGGACTACTTATTGCGTTGGCTGCGGCACCGAATGGCTTTGCCACCCGACACCTAGTAGTCATCGTTTACGGCGTGGACTACCAGGGTATCTAATCCTGTTTGCTCCCCACGCTTTCGAGCCTCAACGTCAGTTACCGTCCAGTAAGCCGCCTTCGCCACTGGTGTTCCTCCTAATATCTACGCATTTCACCGCTACACTAGGAATTCCGCTTACCTCTCCGGCACTCCAGATCAACAGTTTCCAATGCAGTCCCGGGGTTGAGCCCCGGGTTTTCACATCAGACTTGCTGCTCCGTCTACGCTCCCTTTACACCCAGTAAATCCGGATAACGCTTGCCCCCTACGTATTACCGCGGCTGCTGGCACGTAGTTAGCCGGGGCTTCTTAGTCAGGTACCGTCATTTTCTTCCCTGCTGATAGANCTTTACATACCGAAATACTTCTTCGCTCACGCGGCGTCGCTGCATCAGGGTTTCCCCCATTGTGCAATATTCCCCACTGCTGCCTNCCGTACTTTAGTGNGGGNTNAANN"
"108","P5-008_E02.ab1","trimmed","GCCGTCACCGGGATGTCAAGAGCAGGTAAGGTTCTTCGCGTTGCTTCGAATTAAACCACATGCTCCACCGCTTGTGCGGGTCCCCGTCAATTCCTTTGAGTTTCATTCTTGCGAACGTACTCCCCAGGTGGACTACTTATTGCGTTGGCTGCGGCACCGAATGGCTTTGCCACCCGACACCTAGTAGTCATCGTTTACGGCGTGGACTACCAGGGTATCTAATCCTGTTTGCTCCCCACGCTTTCGAGCCTCAACGTCAGTTACCGTCCAGTAAGCCGCCTTCGCCACTGGTGTTCCTCCTAATATCTACGCATTTCACCGCTACACTAGGAATTCCGCTTACCTCTCCGGCACTCCAGATCAACAGTTTCCAATGCAGTCCCGGGGTTGAGCCCCGGGTTTTCACATCAGACTTGCTGCTCCGTCTACGCTCCCTTTACACCCAGTAAATCCGGATAACGCTTGCCCCCTACGTATTACCGCGGCTGCTGGCACGTAGTTAGCCGGGGCTTCTTAGTCAGGTACCGTCATTTTCTTCCCTGCTGATAGANCTTTACATACCGAAATACTTCTTCGCTCACGCGGCGTCGCTGCATCAGGGTTTCCCCCATTGTGCAATATTCCCCACTGCTGCCTNCCGTACTTTAGTG"
"109","P7-008_F02.ab1","raw","NNNNNNNNNNNNNNNNNNTGCANNNCCTGTCTTCTCTATAGCTATCTCTCCATCTCTGGAGCCTTTAGATCGATGTCAAGACCTGGTAAGGTTCTTCGCGTTGCTTCGAATTAAACCACATGCTCCACCGCTTGTGCGGGCCCCCGTCAATTCCTTTGAGTTTCATTCTTGCGAACGTACTACTCAGGCGGAGTACTTATTGCGTTAACTGCAGCACTGAGATTTGACTCCCAACACTTAGTACTCATCGTTTACGGCGTGGACTACTAGGGTATCTAATCCTATTTGCTCCCCACGCTTTCGGGACTGAGCGTCAGTTATGCGCCAGATCGTCGCCTTCGCCACTGGTGTTCCTCCATATATCTACGCATTTCACCGCTACACATGGAATTCCACGATCCTCTCACACACTCTAGCTCTACGGTTTCCATGGCTTACCGAAGTTAAGCTTCGATCTTTCACCACAGACCCTTAGTGCCGCCTGCTCCCTCTTTACGCCCAATAATTCCGGATAACGCTCGCCACCTACGTATTACCGCGGCTGCTGGCACGTAGTTAGCCGTGGCTTTCTTATAGAGTACCGTCACTTGGATATCATTCCCTATATCCACCGTTCTTCCTCTATGACAGAAGTTTACATAACGAATTACTTCTTCCTTCACGCGGCGTTGCTCGGTCAGGGTTTCCCCCATTGCCGAAAATTCCCTACTGCTGCCTNCCGTACTTTANNNNNGGGNTNNNN"
"110","P7-008_F02.ab1","trimmed","CCTGTCTTCTCTATAGCTATCTCTCCATCTCTGGAGCCTTTAGATCGATGTCAAGACCTGGTAAGGTTCTTCGCGTTGCTTCGAATTAAACCACATGCTCCACCGCTTGTGCGGGCCCCCGTCAATTCCTTTGAGTTTCATTCTTGCGAACGTACTACTCAGGCGGAGTACTTATTGCGTTAACTGCAGCACTGAGATTTGACTCCCAACACTTAGTACTCATCGTTTACGGCGTGGACTACTAGGGTATCTAATCCTATTTGCTCCCCACGCTTTCGGGACTGAGCGTCAGTTATGCGCCAGATCGTCGCCTTCGCCACTGGTGTTCCTCCATATATCTACGCATTTCACCGCTACACATGGAATTCCACGATCCTCTCACACACTCTAGCTCTACGGTTTCCATGGCTTACCGAAGTTAAGCTTCGATCTTTCACCACAGACCCTTAGTGCCGCCTGCTCCCTCTTTACGCCCAATAATTCCGGATAACGCTCGCCACCTACGTATTACCGCGGCTGCTGGCACGTAGTTAGCCGTGGCTTTCTTATAGAGTACCGTCACTTGGATATCATTCCCTATATCCACCGTTCTTCCTCTATGACAGAAGTTTACATAACGAATTACTTCTTCCTTCACGCGGCGTTGCTCGGTCAGGGTTTCCCCCATTGCCGAAAATTCCCTACTGCTGCCT"
"111","P8-008_G02.ab1","raw","NNNNNNNNNNNNNNNNNNNTGCNNNNCCTGTCACCGATGCTCCGAAGAGAAAACACATTACATGNTTCTGTCATCGGGATGTCAAGACTTGGTAAGGTTCTTCGCGTTGCTTCGAATTAAACCACATGCTCCACCGCTTGTGCGGGTCCCCGTCAATTCCTTTGAGTTTCATTCTTGCGAACGTACTCCCCAGGTGGAATACTTATTGCGTTTGCTGCGGCACCGAAGAGCAATGCTCCCCGACACCTAGTATTCATCGTTTACGGCGTGGACTACCAGGGTATCTAATCCTGTTTGCTCCCCACGCTTTCGAGCCTCAGCGTCAGTAATCGTCCAGTAAGCCGCCTTCGCCACTGGTGTTCCTCCTAATATCTACGCATTTCACCGCTACACTAGGAATTCCACTTACCCCTCCGACACTCTAGTCCGACAGTTTCCAATGCAGTACCGGGGTTGAGCCCCGGGCTTTCACATCAGACTTGCCGTACCGCCTGCGCTCCCTTTACACCCAGTAAATCCGGATAACGCTTGCACCATACGTATTACCGCGGCTGCTGGCACGTATTTAGCCGGTGCTTCTTAGTCAGGTACCGTCATTTCTTCTTCCCTGCTGATAGAGCTTTACATACCGAAATACTTCTTCGCTCACGCGGCGTCGCTGCATCAGGGTTTCCCCCATTGTGCAATATTCCCCACTGCTGCCTNCCGTACTTTNNNNNNGGNNNNNN"
"112","P8-008_G02.ab1","trimmed","TTCTGTCATCGGGATGTCAAGACTTGGTAAGGTTCTTCGCGTTGCTTCGAATTAAACCACATGCTCCACCGCTTGTGCGGGTCCCCGTCAATTCCTTTGAGTTTCATTCTTGCGAACGTACTCCCCAGGTGGAATACTTATTGCGTTTGCTGCGGCACCGAAGAGCAATGCTCCCCGACACCTAGTATTCATCGTTTACGGCGTGGACTACCAGGGTATCTAATCCTGTTTGCTCCCCACGCTTTCGAGCCTCAGCGTCAGTAATCGTCCAGTAAGCCGCCTTCGCCACTGGTGTTCCTCCTAATATCTACGCATTTCACCGCTACACTAGGAATTCCACTTACCCCTCCGACACTCTAGTCCGACAGTTTCCAATGCAGTACCGGGGTTGAGCCCCGGGCTTTCACATCAGACTTGCCGTACCGCCTGCGCTCCCTTTACACCCAGTAAATCCGGATAACGCTTGCACCATACGTATTACCGCGGCTGCTGGCACGTATTTAGCCGGTGCTTCTTAGTCAGGTACCGTCATTTCTTCTTCCCTGCTGATAGAGCTTTACATACCGAAATACTTCTTCGCTCACGCGGCGTCGCTGCATCAGGGTTTCCCCCATTGTGCAATATTCCCCACTGCTGCCT"
"113","TSAB_40_D05.ab1","raw","NNNNNNNNNNNNNNNNNNGCACNNCCTGTCACCGATGTTCCGAAGAAAAGCNNTTATCTCTANAGGCGGTCATCGGGATGTCAAGACCTGGTAAGGTTCTTCGCGTTGCTTCGAATTAAACCACATACTCCACTGCTTGTGCGGGCCCCCGTCAATTCCTTTGAGTTTCAACCTTGCGGCCGTACTCCCCAGGTGGGATACTTATTGTGTTAACTGCGGCACGGAAGGGGTCAATACCTCCCACACCTAGTATCCATCGTTTACGGCGTGGACTACCAGGGTATCTAATCCTGTTTGCTCCCCACGCTTTCGCGCCTCAGCGTCAGTTAATGTCCAGCAGGCCGCCTTCGCCACTGGTGTTCCTCCGTATATCTACGCATTTCACCGCTACACACGGAATTCCGCCTGCCTCTCCATCACTCAAGACCAGCAGTTTTGAAAGCAGTTTATGGGTTAAGCCCATAGATTTCACTTCCAACTTACCGGCCCGCCTGCGCGCCCTTTACACCCAGTAAATCCGGATAACGCTTGCTCCCTACGTATTACCGCGGCTGCTGGCACGTAGTTAGCCGGAGCTTATTCTTCAGGTACCGTCATTTTTTTCGTCCCTGATTAAAGATCTTTACAACCCGAAGGCCTTCTTCAATCACGCGGCGTTGCTGCGTCAGGGTTTCCCCCATTGCGCAATATTCCCCACTGCTGCCTNCCGTACTTNNNNNNGGGGTNNNN"
"114","TSAB_40_D05.ab1","trimmed","AGGCGGTCATCGGGATGTCAAGACCTGGTAAGGTTCTTCGCGTTGCTTCGAATTAAACCACATACTCCACTGCTTGTGCGGGCCCCCGTCAATTCCTTTGAGTTTCAACCTTGCGGCCGTACTCCCCAGGTGGGATACTTATTGTGTTAACTGCGGCACGGAAGGGGTCAATACCTCCCACACCTAGTATCCATCGTTTACGGCGTGGACTACCAGGGTATCTAATCCTGTTTGCTCCCCACGCTTTCGCGCCTCAGCGTCAGTTAATGTCCAGCAGGCCGCCTTCGCCACTGGTGTTCCTCCGTATATCTACGCATTTCACCGCTACACACGGAATTCCGCCTGCCTCTCCATCACTCAAGACCAGCAGTTTTGAAAGCAGTTTATGGGTTAAGCCCATAGATTTCACTTCCAACTTACCGGCCCGCCTGCGCGCCCTTTACACCCAGTAAATCCGGATAACGCTTGCTCCCTACGTATTACCGCGGCTGCTGGCACGTAGTTAGCCGGAGCTTATTCTTCAGGTACCGTCATTTTTTTCGTCCCTGATTAAAGATCTTTACAACCCGAAGGCCTTCTTCAATCACGCGGCGTTGCTGCGTCAGGGTTTCCCCCATTGCGCAATATTCCCCACTGCTGCCT"
"115","WC_130_E05.ab1","raw","NNNNNNNNNNNNNNNNATGNNNNACCTGTCTCTGCTTTCCCCGAAGGGNACCANAATGTANNNNNACTTCGTTAGCAGGATGTCAAGACCTGGTAAGGTTCTTCGCGTTGCTTCGAATTAAACCACATAATCCACCGCTTGTGCGGGCCCCCGTCAATTCCTTTGAGTTTCAACCTTGCGATCGTACTCCCCAGGTGGGATACTTATTGTGTTAACTGCGGCACGCAGGGGGTCAGTCCCCGCACACCTAGTATCCATCGTTTACAGCGTGGACTACCAGGGTATCTAATCCTGTTCGCTCCCCACGCTTTCGCGCCTCACCGTCAGTTACCGTCCAGTAATCCGCCTTCGCCACTGGTGTTCTTCCTTATATCTACGCATTTCACCGCTACACAAGGAATTCCGATTACCTCTCCGGCACTCAAGACATACAGTTTCAAATGCAGTTTCAGGGTTAAGCCCTGAGATTTCACATCTGACTTGCATGCCCGGCTGCACGCCCTTTACACCCAGTAAATCCGGACAACGCTTGCCACCTACGTATTACCGCGGCTGCTGGCACGTAGTTAGCCGTGGCTTATTCAAGTGGTACCGTCTTCTGCTCTTCCCACTTANNAGAAGTTTACAACCCGAAAGCCTTCTTCCTTCACGCGGCGTTGCTGGGTCAGGCTTGCGCCCATTGCCCAATATTCCCCACTGCTGCCTNCCGTACTTNNNNNNGGGNNNNNNN"
"116","WC_130_E05.ab1","trimmed","ACTTCGTTAGCAGGATGTCAAGACCTGGTAAGGTTCTTCGCGTTGCTTCGAATTAAACCACATAATCCACCGCTTGTGCGGGCCCCCGTCAATTCCTTTGAGTTTCAACCTTGCGATCGTACTCCCCAGGTGGGATACTTATTGTGTTAACTGCGGCACGCAGGGGGTCAGTCCCCGCACACCTAGTATCCATCGTTTACAGCGTGGACTACCAGGGTATCTAATCCTGTTCGCTCCCCACGCTTTCGCGCCTCACCGTCAGTTACCGTCCAGTAATCCGCCTTCGCCACTGGTGTTCTTCCTTATATCTACGCATTTCACCGCTACACAAGGAATTCCGATTACCTCTCCGGCACTCAAGACATACAGTTTCAAATGCAGTTTCAGGGTTAAGCCCTGAGATTTCACATCTGACTTGCATGCCCGGCTGCACGCCCTTTACACCCAGTAAATCCGGACAACGCTTGCCACCTACGTATTACCGCGGCTGCTGGCACGTAGTTAGCCGTGGCTTATTCAAGTGGTACCGTCTTCTGCTCTTCCCACTTANNAGAAGTTTACAACCCGAAAGCCTTCTTCCTTCACGCGGCGTTGCTGGGTCAGGCTTGCGCCCATTGCCCAATATTCCCCACTGCTGCCT"
"117","WC_14_F05.ab1","raw","NNNNNNNNNNNNNNNNNTGCANNACCTGTCTTCTCTATAGCTATCTCTCCATNCTCTGGAGCCTTTAGATCGATGTCAAGACCTGGTAAGGTTCTTCGCGTTGCTTCGAATTAAACCACATGCTCCACCGCTTGTGCGGGCCCCCGTCAATTCCTTTGAGTTTCATTCTTGCGAACGTACTACTCAGGCGGAGTACTTATTGCGTTAACTGCAGCACTGAGATTTGACTCCCAACACTTAGTACTCATCGTTTACGGCGTGGACTACTAGGGTATCTAATCCTATTTGCTCCCCACGCTTTCGGGACTGAGCGTCAGTTATGCGCCAGATCGTCGCCTTCGCCACTGGTGTTCCTCCATATATCTACGCATTTCACCGCTACACATGGAATTCCACGATCCTCTCACACACTCTAGCTCTACGGTTTCCATGGCTTACCGAAGTTAAGCTTCGATCTTTCACCACAGACCCTTAGTGCCGCCTGCTCCCTCTTTACGCCCAATAATTCCGGATAACGCTCGCCACCTACGTATTACCGCGGCTGCTGGCACGTAGTTAGCCGTGGCTTTCTTATAGAGTACCGTCACTTGGATATCATTCCCTATATCCACCGTTCTTCCTCTATGACAGAAGTTTACATAACGAATTACTTCTTCCTTCACGCGGCGTTGCTCGGTCAGGGTTTCCCCCATTGCCGAAAATTCCCTACTGCTGNCTNNNGTACTTTANNNNGGGGGTNNANNNN"
"118","WC_14_F05.ab1","trimmed","CTCTGGAGCCTTTAGATCGATGTCAAGACCTGGTAAGGTTCTTCGCGTTGCTTCGAATTAAACCACATGCTCCACCGCTTGTGCGGGCCCCCGTCAATTCCTTTGAGTTTCATTCTTGCGAACGTACTACTCAGGCGGAGTACTTATTGCGTTAACTGCAGCACTGAGATTTGACTCCCAACACTTAGTACTCATCGTTTACGGCGTGGACTACTAGGGTATCTAATCCTATTTGCTCCCCACGCTTTCGGGACTGAGCGTCAGTTATGCGCCAGATCGTCGCCTTCGCCACTGGTGTTCCTCCATATATCTACGCATTTCACCGCTACACATGGAATTCCACGATCCTCTCACACACTCTAGCTCTACGGTTTCCATGGCTTACCGAAGTTAAGCTTCGATCTTTCACCACAGACCCTTAGTGCCGCCTGCTCCCTCTTTACGCCCAATAATTCCGGATAACGCTCGCCACCTACGTATTACCGCGGCTGCTGGCACGTAGTTAGCCGTGGCTTTCTTATAGAGTACCGTCACTTGGATATCATTCCCTATATCCACCGTTCTTCCTCTATGACAGAAGTTTACATAACGAATTACTTCTTCCTTCACGCGGCGTTGCTCGGTCAGGGTTTCCCCCATTGCCGAAAATTCCCTACTGCTG"
"119","x_C07.ab1","raw","NNNNNNNNNNNNNNNNNNNNNNTGNNGNNNCNCGNNGTNNTACNNNANNNNNNNNTANNNNNNNNNNNNGGTCAGAAGGATGTCAAGACCAGGTAAGGTTCTTCGCGTTGCTTCGAATTAAACCACATGCTCCACCGCTTGTGCGGGTCCCCGTCAATTCCTTTGAGTTTCATTCTTGCGAACGTACTCCCCAGGTGGAATACTTATTGCGTTGGCTGCGGCACCGAAGCCTCTACGGCCCCGACACCTAGTATTCATCGTTTACGGCGTGGACTACCAGGGTATCTAATCCTGTTTGCTCCCCACGCTTTCGTGCCTCAGTGTCAGTTTCAGTCCAGTAAGCCGCCTTCGCCACTGATGTTCCTCCTAATATCTACGCATTTCACCGCTACACTAGGAATTCCGCTTACCTCTCCTGCACTCCAGTCTGACAGTTTCAAAAGCAGTCCCAGAGTTAAGCCCTGGGTTTTCACTTCTGACTTGCCATACCACCTACGCACCCTTTACACCCAGTAATTCCGGATAACGCTTGCCCCCTACGTATTACCGCGGCTGCTGGCACGTAGTTAGCCGGGGCTTCTTAGTCAGGTACCGTCATTTTCTTCCCTGCTGATAGAGCTTTACATACCGAAATACTTCTTCACTCACGCGGCGTCGCTGCATCAGGGTTCCCCCCATTGTGCAATATTCCCCACTGCTGCCTNNCGTACTTTAGTGAGGGGTNNNNNNN"
"120","x_C07.ab1","trimmed","GGTCAGAAGGATGTCAAGACCAGGTAAGGTTCTTCGCGTTGCTTCGAATTAAACCACATGCTCCACCGCTTGTGCGGGTCCCCGTCAATTCCTTTGAGTTTCATTCTTGCGAACGTACTCCCCAGGTGGAATACTTATTGCGTTGGCTGCGGCACCGAAGCCTCTACGGCCCCGACACCTAGTATTCATCGTTTACGGCGTGGACTACCAGGGTATCTAATCCTGTTTGCTCCCCACGCTTTCGTGCCTCAGTGTCAGTTTCAGTCCAGTAAGCCGCCTTCGCCACTGATGTTCCTCCTAATATCTACGCATTTCACCGCTACACTAGGAATTCCGCTTACCTCTCCTGCACTCCAGTCTGACAGTTTCAAAAGCAGTCCCAGAGTTAAGCCCTGGGTTTTCACTTCTGACTTGCCATACCACCTACGCACCCTTTACACCCAGTAATTCCGGATAACGCTTGCCCCCTACGTATTACCGCGGCTGCTGGCACGTAGTTAGCCGGGGCTTCTTAGTCAGGTACCGTCATTTTCTTCCCTGCTGATAGAGCTTTACATACCGAAATACTTCTTCACTCACGCGGCGTCGCTGCATCAGGGTTCCCCCCATTGTGCAATATTCCCCACTGCTGCCTNNCGTACTTTAGTGAGGGGT"
"121","y_D07.ab1","raw","NNNNNNNNNNNNNANNNTGNNGNNTCNNGNTAGTTTANNNNNNNNNNNNNNNNANNNNNANNGNNCANANNGNTGTCAAGACCAGGTAAGGTTCTTCGCGTTGCTTCGAATTAAACCACATGCTCCACCGCTTGTGCGGGTCCCCGTCAATTCCTTTGAGTTTCATTCTTGCGAACGTACTCCCCAGGTGGAATACTTATTGCGTTGGCTGCGGCACCGAAGCCTCTACGGCCCCGACACCTAGTATTCATCGTTTACGGCGTGGACTACCAGGGTATCTAATCCTGTTTGCTCCCCACGCTTTCGTGCCTCAGTGTCAGTTTCAGTCCAGTAAGCCGCCTTCGCCACTGATGTTCCTCCTAATATCTACGCATTTCACCGCTACACTAGGAATTCCGCTTACCTCTCCTGCACTCCAGTCTGACAGTTTCAAAAGCAGTCCCAGAGTTAAGCCCTGGGTTTTCACTTCTGACTTGCCATACCACCTACGCACCCTTTACACCCAGTAATTCCGGATAACGCTTGCCCCCTACGTATTACCGCGGCTGCTGGCACGTAGTTAGCCGGGGCTTCTTAGTCAGGTACCGTCATTTTCTTCCCTGCTGATAGAGCTTTACATACCGAAATACTTCTTCACTCACGCGGCGTCGCTGCATCAGGGTTCCCCCCATTGTGCAATATTCCCCACTGCTGCCTNCCGTACTTTAGTGAGGGGTNNNNNNN"
"122","y_D07.ab1","trimmed","TGTCAAGACCAGGTAAGGTTCTTCGCGTTGCTTCGAATTAAACCACATGCTCCACCGCTTGTGCGGGTCCCCGTCAATTCCTTTGAGTTTCATTCTTGCGAACGTACTCCCCAGGTGGAATACTTATTGCGTTGGCTGCGGCACCGAAGCCTCTACGGCCCCGACACCTAGTATTCATCGTTTACGGCGTGGACTACCAGGGTATCTAATCCTGTTTGCTCCCCACGCTTTCGTGCCTCAGTGTCAGTTTCAGTCCAGTAAGCCGCCTTCGCCACTGATGTTCCTCCTAATATCTACGCATTTCACCGCTACACTAGGAATTCCGCTTACCTCTCCTGCACTCCAGTCTGACAGTTTCAAAAGCAGTCCCAGAGTTAAGCCCTGGGTTTTCACTTCTGACTTGCCATACCACCTACGCACCCTTTACACCCAGTAATTCCGGATAACGCTTGCCCCCTACGTATTACCGCGGCTGCTGGCACGTAGTTAGCCGGGGCTTCTTAGTCAGGTACCGTCATTTTCTTCCCTGCTGATAGAGCTTTACATACCGAAATACTTCTTCACTCACGCGGCGTCGCTGCATCAGGGTTCCCCCCATTGTGCAATATTCCCCACTGCTGCCTNCCGTACTTTAGTGAGGGGT"
