NB2#,Strain Name,MET2 Species,NCBI BLAST HITS – full length 16S (>95% ID *),16S sequence (NanoPore)
1,NB2A-29-D6,Parabacteroides merdae,Parabacteroides merdae/johnsonii/chinchillae/gordonii,ACGAAGAGTTTGATCCTGGCTCAGGATGAACGCTAGCGACAGGCTTAACACATGCAAGTCGAGGGGCAGCATGATTTGTAGCAATACAGATTGATGGCGACCGGCGCACGGGTGAGTAACGCGTATGCAACTTACCTATCAGAGGGGGATAGCCCGGCGAAAGTCGGATTAATACCCCATAAAACAGGGGTCCCGCATGGGAATATTTGTTAAAGATTCATCGCTGATAGATAGGCATGCGTTCCATTAGGCAGTTGGCGGGGTAACGGCCCACCAAACCGACGATGGATAGGGGTTCTGAGAGGAAGGTCCCCCACATTGGTACTGAGACACGGACCAAACTCCTACGGGAGGCAGCAGTGAGGAATATTGGTCAATGGCCGAGAGGCTGAACCAGCCAAGTCGCGTGAAGGAAGAAGGATCTATGGTTTGTAAACTTCTTTTATAGGGGAATAAAGTGGAGGACGTGTCCTTTTTTGTATGTACCCTATGAATAAGCATCGGCTAACTCCGTGCCAGCAGCCGCGGTAATACGGAGGATGCGAGCGTTATCCGGATTTATTGGGTTTAAAGGGTGCGTAGGTGGTGATTTAAGTCAGCGGTGAAAGTTTGTGGCTCAACCATAAAATTGCCGTTGAAACTGGGTTACTTGAGTGTGTTTGAGGTAGGCGGAATGCGTGGTGTAGCGGTGAAATGCATAGATATCACGCAGAACTCCGATTGCGAAGGCAGCTTACTAAACCATAACTGACACTGAAGCACGAAAGCGTGGGGATCAAACAGGATTAGATACCCTGGTAGTCCACGCAGTAAACGATGATTACTAGGAGTTTGCGATACAATGTAAGCTCTACAGCGAAAGCGTTAAGTAATCCACCTGGGGAGTACGCCGGCAACGGTGAAACTCAAAGGAATTGACGGGGGCCCGCACAAGCGGAGGAACATGTGGTTTAATTCGATGATACGCGAGGAACCTTACCCGGGTTTGAACGTAGTCTGACCGGAGTGGAAACACTCCTTCTAGCAATAGCAGATTACGAGGTGCTGCATGGTTGTCGTCAGCTCGTGCCGTGAGGTGTCGGCTTAAGTGCCATAACGAGCGCAACCCTTATCACTAGTTACTAACAGGTGAAGCTGAGGACTCTGGTGAGACTGCCAGCGTAAGCTGTGAGGAAGGTGGGGATGACGTCAAATCAGCACGGCCCTTACATCCGGGGCGACACACGTGTTACAATGGCATGGACAAAGGGCAGCTACCTGGCGACAGGATGCTAATCTCCAAACCATGTCTCAGTTCGGATCGGAGTCTGCAACTCGACTCCGTGAAGCTGGATTCGCTAGTAATCGCGCATCAGCCATGGCGCGGTGAATACGTTCCCGGGCCTTGTACACACCGCCCGTCAAGCCATGGGAGCCGGGGGTACCTGAAGTCCGTAACCGCAAGGATCGGCCTAGGGTAAAACTGGTGACTGGGGCTAAGTCGTAACAAGGTAGCCGTACCGGAAGGTGCGGCTGGAACACCTCCTTT
2,NB2B-13-BHI,[Eubacterium] hallii,[Eubacterium] hallii,CTGAGTGGCGGACGGGTGAGTAACGCGTGGGTAACCTGCCCTGTACAGGGGGATAACAGCTGGAAACGGCTGCTAATACCGCATAAGCGCACGAGGAGACATCTCCTTGTGTGAAAAACTCCGGTGGTACAGGATGGGCCCGCGTCTGATTAGCTGGTTGGCAGGGTAACGGCCTACCAAGGCAACGATCAGTAGCCGGTCTGAGAGGATGAACGGCCACATTGGAACTGAGACACGGTCCAAACTCCTACGGGAGGCAGCAGTGGGGAATATTGCACAATGGGGGAAACCCTGATGCAGCAACGCCGCGTGAGTGAAGAAGTATTTCGGTATGTAAAGCTCTATCAGCAGGGAAGATAATGACGGTACCTGACTAAGAAGCTCCGGCTAAATACGTGCCAGCAGCCGCGGTAATACGTATGGAGCAAGCGTTATCCGGATTTACTGGGTGTAAAGGGTGCGTAGGTGGCAGTGCAAGTCAGATGTGAAAGGCCGGGGCTCAACCCCGGAGCTGCATTTGAAACTGCTCGGCTAGAGTACAGGAGAGGCAGGCGGAATTCCTAGTGTAGCGGTGAAATGCGTAGATATTAGGAGGAACACCAGTGGCGAAGGCGGCCTGCTGGACTGTTACTGACACTGAGGCACGAAAGCGTGGGGAGCAAACAGGATTAGATACCCTGGTAGTCCACGCCGTAAACGATGAATACTAGGTGTCGGGGCCGTATAGGCTTCGGTGCCGCCGCTAACGCAGTAAGTATTCCACCTGGGGAGTACGTTCGCAAGAATGAAACTCAAAGGAATTGACGGGGACCCGCACAAGCGGTGGAGCATGTGGTTTAATTCGAAGCAACGCGAAGAACCTTACCAGGTCTTGACATCCTTCTGACCGCACCTTAATCGGTGCTTTCCTTCGGGACAGAAGAGACAGGTGGTGCATGGTTGTCGTCAGCTCGTGTCGTGAGATGTTGGGTTAAGTCCCGCAACGAGCGCAACCCCTATCTTCAGTAGCCAGCAGGTAAGGCTGGGCACTCTGGAGAGACTGCCAGGGATAACCTGGAGGAAGGTGGGGACGACGTCAAATCATCATGCCCCTTATGATCTGGGCGACACACGTGCTACAATGGCGGTCACAGAGTGAGGCGAACCCGCGAGGGGGAGCAAACCACAAAAAGGCCGTCCCAGTTCGGACTGTAGTCTGCAACCCGACTACACGAAGCTGGAATCGCTAGTAATCGCGAATCAGAATGTCGCGGTGAATACGTTCCCGGGTCTTGTACACACCGCCCGTCACACCATGGGAGTCGGAAATGCCCGAAGCCAGTGACCCAACCTTTTGGAGGGAGCTGTCGAAGGTGGAGCCGGTAACTGGGGTGAAGTCGTAACAAGGTAGCCGTATCGGAAGGTGCGGCTGGATCACCTCCTTT
3,NB2A-10-MRS,Parabacteroides distasonis,Parabacteroides distasonis/faecis/goldsteinii,CTATCAGAGGGGGATAACCCGGCGAAAGTCGGACTAATACCGCATGAAGCAGGGGCCCCGCATGGGGATATTTGCTAAAGATTCATCGCTGATAGATAGGCATGCGTTCCATTAGGCAGTTGGCGGGGTAACGGCCCACCAAACCGACGATGGATAGGGGTTCTGAGAGGAAGGTCCCCCACATTGGTACTGAGACACGGACCAAACTCCTACGGGAGGCAGCAGTGAGGAATATTGGTCAATGGGCGTAAGCCTGAACCAGCCAAGTCGCGTGAGGGATGAAGGTTCTATGGATCGTAAACCTCTTTTATAAGGGAATAAAGTGCGGGACGTGTCCTGTTTTGTATGTACCTTATGAATAAGGATCGGCTAACTCCGTGCCAGCAGCCGCGGTAATACGGAGGATCCGAGCGTTATCCGGATTTATTGGGTTTAAAGGGTGCGTAGGCGGCCTTTTAAGTCAGCGGTGAAAGTCTGTGGCTCAACCATAGAATTGCCGTTGAAACTGGGGGGCTTGAGTATGTTTGAGGCAGGCGGAATGCGTGGTGTAGCGGTGAAATGCTTAGATATCACGCAGAACCCCGATTGCGAAGGCAGCCTGCCAAGCCATGACTGACGCTGATGCACGAAAGCGTGGGGATCAAACAGGATTAGATACCCTGGTAGTCCACGCAGTAAACGATGATCACTAGCTGTTTGCGATACAGTGTAAGCGGCACAGCGAAAGCGTTAAGTGATCCACCTGGGGAGTACGCCGGCAACGGTGAAACTCAAAGGAATTGACGGGGGCCCGCACAAGCGGAGGAACATGTGGTTTAATTCGATGATACGCGAGGAACCTTACCCGGGTTTGAACGCATTCGGACCGAGGTGGAAACACCTTTTCTAGCAATAGCCGTTTGCGAGGTGCTGCATGGTTGTCGTCAGCTCGTGCCGTGAGGTGTCGGCTTAAGTGCCATAACGAGCGCAACCCTTGCCACTAGTTACTAACAGGTGATGCTGAGGACTCTGGTGGGACTGCCAGCGTAAGCTGCGAGGAAGGCGGGGATGACGTCAAATCAGCACGGCCCTTACATCCGGGGCGACACACGTGTTACAATGGCGTGGACAAAGGGATGCCACCTGGCGACAGGGAGCGAATCCCCAAACCACGTCTCAGTTCGGATCGGAGTCTGCAACCCGACTCCGTGAAGCTGGATTCGCTAGTAATCGCGCATCAGCCATGGCGCGGTGAATACGTTCCCGGGCCTTGTACACACCGCCCGTCAAGCCATGGGAGCCGGGGGTACCTGAAGTCCGTA
4,NB2A-12-FMU,Phascolarctobacterium succinatutens,Phascolarctobacterium succinatutens/fermentans,ATTGGAGAGTTTGATCCTGGCTCAGGACGAACGCTGGCGGCATGCCTAACACATGCAAGTCGAACGGAGAAAGTTCAACACCAAGTATTTCATCCGCTGAAGTGTAGCGGTAAAAATTGCGAAGCAATTTTTACTACGCATTAAAAGCATGAACTAACACGGTGGTTGAAGTATTAGGTGTTGAACTTTCTTAGTGGCGAACGGGTGAGTAACGCGTGGGCAACCTGCCCTCTAGATGGGGACAACATCCCGAAAGGGGTGCTAATACCGAATGTGACAGCAATCTCGCATGAGGATGCTGTGAAAGATGGCCTCTATTTATAAGCTATCGCTAGAGGATGGGCCTGCGTCTGATTAGCTAGTTGGTGGGGTAACGGCCTACCAAGGCGATGATCAGTAGCCGGTCTGAGAGGATGAACGGCCACATTGGGACTGAGACACGGCCCAGACTCCTACGGGAGGCAGCAGTGGGGAATCTTCCGCAATGGGCGAAAGCCTGACGGAGCAATGCCGCGTGAGTGATGAAGGAATTCGTTCCGTAAAGCTCTTTTGTTTATGACGAATGTGCAGATTGTAAATAATGATCTGTAATGACGGTAGTAAACGAATAAGCCACGGCTAACTACGTGCCAGCAGCCGCGGTAATACGTAGGTGGCGAGCGTTGTCCGGAATTATTGGGCGTAAAGAGCATGTAGGCGGTTTTTTAAGTCTGGAGTGAAAATGCGGGGCTCAACCCCGTATGGCTCTGGATACTGGAAGACTTGAGTGCAGGAGAGGAAAGGGGAATTCCCAGTGTAGCGGTGAAATGCGTAGATATTGGGAGGAACACCAGTGGCGAAGGCGCCTTTCTGGACTGTGTCTGACGCTGAGATGCGAAAGCCAGGGTAGCGAACGGGATTAGATACCCCGGTAGTCCTGGCCGTAAACGATGGGTACTAGGTGTAGGAGGTATCGACCCCTTCTGTGCCGGAGTTAACGCAATAAGTACCCCGCCTGGGGAGTACGTCCGCAAGGATGAAACTCAAAGGAATTGACGGGGGCCCGCACAAGCGGTGGAGTATGTGGTTTAATTCGACGCAACGCGAAGAACCTTACCAAGGCTTGACATTGAATGACCGCTCCAGAGATGGAGCTTTCCCTTCGGGGACATGAAAACAGGTGGTGCATGGCTGTCGTCAGCTCGTGTCGTGAGATGTTGGGTTAAGTCCCGCAACGAGCGCAACCCCTATCCTATGTTACCAGCGGGTAATGCCGGGGACTCATAGGAGACTGCCAAGGACAACTTGGAGGAAGGCGGGGATGACGTCAAGTCATCATGCCCCTTATGTCTTGGGCTACACACGTACTACAATGGTCGGCAACAGAGGGAAGCAAAGCCGTGAGGCAGAGCAAACCCCAGAAACCCGATCCCAGTTCGGATTGCAGGCTGCAACTCGCCTGCATGAAGTCGGAATCGCTAGTAATCGCAGGTCAGCATACTGCGGTGAATACGTTCCCGGGCCTTGTACACACCGCCCGTCACACCACGAAAGTTGGTAACACCCGAAGCCGGTGGGGTAACCGTAAGGAGCCAGCCGTCTAAGGTGGGGCCGATGATTGGGGTGAAGTCGTAACAAGGTAGCCGTATCGGAAGGTGCGGCTGGATCACCTCCTTT
5,NB2B-17-NB,Ruminococcus lactaris,Ruminococcus lactaris,GAGAGTTTGATCCTGGCTCAGGATGAACGCTGGCGGCGTGCTTAACACATGCAAGTCGAGCGAAGCACTTAGGAAAGATTCTTCGGATGATTTCCTATTTGACTGAGCGGCGGACGGGTGAGTAACGCGTGGGTAACCTGCCTCATACAGGGGGATAACAGTTAGAAATGACTGCTAATACCGCATAAGACCACAGCACCGCATGGTGCAGGGGTAAAAACTCCGGTGGTATGAGATGGACCCGCGTCTGATTAGTTAGTTGGTGGGGTAACGGCCTACCAAGGCGACGATCAGTAGCCGACCTGAGAGGGTGACCGGCCACATTGGGACTGAGACACGGCCCAAACTCCTACGGGAGGCAGCAGTGGGGAATATTGCACAATGGGGGAAACCCTGATGCAGCGACGCCGCGTGAGCGAAGAAGTATTTCGGTATGTAAAGCTCTATCAGCAGGGAAGAAAATGACGGTACCTGACTAAGAAGCCCCGGCTAACTACGTGCCAGCAGCCGCGGTAATACGTAGGGGGCAAGCGTTATCCGGATTTACTGGGTGTAAAGGGAGCGTAGACGGAGCAGCAAGTCTGATGTGAAAACCCGGGGCTCAACCCCGGGACTGCATTGGAAACTGTTGATCTGGAGTGCCGGAGAGGTAAGCGGAATTCCTAGTGTAGCGGTGAAATGCGTAGATATTAGGAGGAACACCAGTGGCGAAGGCGGCTTACTGGACGGTAACTGACGTTGAGGCTCGAAAGCGTGGGGAGCAAACAGGATTAGATACCCTGGTAGTCCACGCCGTAAACGATGACTACTAGGTGTCGGGTGGCAAAGCCATTCGGTGCCGCAGCCAACGCAATAAGTAGTCCACCTGGGGAGTACGTTCGCAAGAATGAAACTCAAAGGAATTGACGGGGACCCGCACAAGCGGTGGAGCATGTGGTTTAATTCGAAGCAACGCGAAGAACCTTACCTGCTCTTGACATCCCGGTGACGGCAGAGTAATGTCTGCTTTTCTTTGGAACACCGGTGACAGGTGGTGCATGGTTGTCGTCAGCTCGTGTCGTGAGATGTTGGGTTAAGTCCCGCAACGAGCGCAACCCCTATCTTCAGTAGCCAGCGGTAAGGCCGGGCACTCTGGAGAGACTGCCAGGGATAACCTGGAGGAAGGTGGGGATGACGTCAAATCATCATGCCCCTTATGAGCAGGGCTACACACGTGCTACAATGGCGTAAACAAAGGGAAGCGAACCCGCGAGGGTGGGCAAATCCCAAAAATAACGTCTCAGTTCGGATTGTAGTCTGCAACTCGACTACATGAAGCTGGAATCGCTAGTAATCGCGAATCAGAATGTCGCGGTGAATACGTTCCCGGGTCTTGTACACACCGCCCGTCACACCATGGGAGTCAGTAACGCCCGAAGTCAGTGACCCAACC
6,NB2B-16-D5,Neglecta timonensis,Neglecta timonensis,TTTAGAGAGTTTGATCCTGGCTCAGGACGAACGCTGGCGGCGTGCCTAACACATGCAAGTCGAACGGAGATAGACGCTGAAAGGGAGACAGCTTGCTGTAAGAATTTCTTGTTTATCTTAGTGGCGGACGGGTGAGTAACGCGTGAGTAACCTGCCTTTCAGAGGGGGATAACGTCTGGAAACGGACGCTAATACCGCATGAGACCACAGCTTCACATGGAGCGGCGGTCAAAGGAGCAATCCGCTGAAAGATGGACTCGCGTCCGATTAGATAGTTGGCGGGGTAACGGCCCACCAAGTCGACGATCGGTAGCCGGACTGAGAGGTTGAACGGCCACATTGGGACTGAGACACGGCCCAGACTCCTACGGGAGGCAGCAGTGAGGGATATTGGTCAATGGGGGAAACCCTGAACCAGCAACGCCGCGTGAGGGAAGACGGTTTTCGGATTGTAAACCTCTGTCCTCTGTGAAGATAGTGACGGTAGCAGAGGAGGAAGCTCCGGCTAACTACGTGCCAGCAGCCGCGGTAATACGTAGGGAGCGAGCGTTGTCCGGATTTACTGGGTGTAAAGGGTGCGTAGGCGGCTCTGCAAGTCAGAAGTGAAATCCATGGGCTTAACCCATGAACTGCTTTTGAAACTGTAGAGCTTGAGTGAAGTAGAGGTAGGCGGAATTCCCGGTGTAGCGGTGAAATGCGTAGAGATCGGGAGGAACACCAGTGGCGAAGGCGGCCTACTGGGCTTTAACTGACGCTGAGGCACGAAAGCATGGGTAGCAAACAGGATTAGATACCCTGGTAGTCCATGCCGTAAACGATGATTACTAGGTGTGGGGGGTCTGACCCCCTCCGTGCCGGAGTTAACACAATAAGTAATCCACCTGGGGAGTACGACCGCAAGGTTGAAACTCAAAGGAATTGACGGGGGCCCGCACAAGCAGTGGAGTATGTGGATTAATTCGAAGCAACGCGAAGAACCTTACCAGGTCTTGACATCCAACTAACGAAGCAGAGATGCATTAGGTGCCCTTCGGGGAAAGTTGAGACAGGTGGTGCATGGTTGTCGTCAGCTCGTGTCGTGAGATGTTGGGTTAAGTCCCGCAACGAGCGCAACCCTTACTGTTAGTTGCTACGCAAGAGCACTCTAGCAGGACTGCCGTTGACAAAACGGAGGAAGGTGGGGACGACGTCAAATCATCATGCCCCTTATGACCTGGGCCTCACACGTACTACAATGGCCATTAACAGAGGGAAGCAAGCCCGCGAGGTGGAGCAAAACCCTAAAAATGGTCTCAGTTCGGATCGTAGGCTGAAACCCGCCTGCGTGAAGTTGGAATTGCTAGTAATCGCGGATCAGCATGCCGCGGTGAATACGTTCCCGGGCCTTGTACACACCGCCCGTCACACCATGGGAGCCGGTAATACCCGAAGTCAGTAGTCTAACCGCAAGGGGGACGCTGCCGAAGGTAGGATTGGCGACTGGGGTGAAGTCGTAACAAGGTAGCCGTATCGGAAGGTGCGGCTGGATCACCTCCTTT
7,NB2B-10-NB,[Clostridium] spiroforme,* [Clostridium] spiroforme/saccharogumia/cocleatum/Longibaculum muris,ATGGAGAGTTTGATCCTGGCTCAGGATGAACGCTGGCGGCGTGCCTAATACATGCAAGTCGAACGCTTCACTTCGGTGAAGAGTGGCGAACGGGTGAGTAATACATAAGTAACCTGGCATCTACAGGGGGATAACTGATGGAAACGTCAGCTAAGACCGCATAGGTGTAGAGATCGCATGAACTCTATATGAAAAGTGCTACGGGACTGGTAGATGATGGACTTATGGCGCATTAGCTGGTTGGTAGGGTAACGGCCTACCAAGGCGACGATGCGTAGCCGACCTGAGAGGGTGACCGGCCACACTGGGACTGAGACACGGCCCAGACTCCTACGGGAGGCAGCAGTAGGGAATTTTCGGCAATGGGGGAAACCCTGACCGAGCAACGCCGCGTGAAGGAAGAAGTAATTCGTTATGTAAACTTCTGTCATAGAGGAAGAACGGTGGATATAGGGAATGATATCCAAGTGACGGTACTCTATAAGAAAGCCACGGCTAACTACGTGCCAGCAGCCGCGGTAATACGTAGGTGGCGAGCGTTATCCGGAATTATTGGGCGTAAAGAGGGAGCAGGCGGCACTAAGGGTCTGTGGTGAAAGATCGAAGCTTAACTTCGGTAAGCCATGGAAACCGTAGAGCTAGAGTGTGTGAGAGGATCGTGGAATTCCATGTGTAGCGGTGAAATGCGTAGATATATGGAGGAACACCAGTGGCGAAGGCGACGATCTGGCGCATAACTGACGCTCAGTCCCGAAAGCGTGGGGAGCAAATAGGATTAGATACCCTAGTAGTCCACGCCGTAAACGATGAGTACTAAGTGTTGGGAGTCAAATCTCAGTGCTGCAGTTAACGCAATAAGTACTCCGCCTGAGTAGTACGTTCGCAAGAATGAAACTCAAAGGAATTGACGGGGGCCCGCACAAGCGGTGGAGCATGTGGTTTAATTCGAAGCAACGCGAAGAACCTTACCAGGTCTTGACATCGATCTAAAGGCTCCAGAGATGGAGAGATAGCTATAGAGAAGACAGGTGGTGCATGGTTGTCGTCAGCTCGTGTCGTGAGATGTTGGGTTAAGTCCCGCAACGAGCGCAACCCCTGTTGCCAGTTGCCAGCATTAAGTTGGGGACTCTGGCGAGACTGCCGGTGACAAGCCGGAGGAAGGCGGGGATGACGTCAAATCATCATGCCCCTTATGACCTGGGCTACACACGTGCTACAATGGACAGAGCAGAGGGAAGCGAAGCCGCGAGGTGGAGCGAAACCCATAAAACTGTTCTCAGTTCGGACTGCAGTCTGCAACTCGACTGCACGAAGATGGAATCGCTAGTAATCGCGAATCAGCATGTCGCGGTGAATACGTTCTCGGGCCTTGTACACACCGCCCGTCACACCATGAGAGTCGGTAACACCCGAAGCCGGTGGCCTAACCGCAAGGAAGGAGCTGTCTAAGGTGGGACTGATGATTGGGGTGAAGTCGTAACAAGGTATCCCTACGGGAACGTGGGGATGGATCACCTCCTTT
8,NB2B-10-FAA,Roseburia intestinalis,Roseburia intestinalis/hominis/faecis,ACTGAGTGGCGGACGGGTGAGTAACGCGTGGGTAACCTGCCTCATACAGGGGGATAACAGTTGGAAACGACTGCTAATACCGCATAAGCGCACAGGGTCGCATGACCTGGTGTGAAAAACTCCGGTGGTATGAGATGGACCCGCGTCTGATTAGCCAGTTGGTGGGGTAACGGCCTACCAAAGCGACGATCAGTAGCCGACCTGAGAGGGTGACCGGCCACATTGGGACTGAGACACGGCCCAAACTCCTACGGGAGGCAGCAGTGGGGAATATTGCACAATGGGGGAAACCCTGATGCAGCGACGCCGCGTGAGCGAAGAAGTATTTCGGTATGTAAAGCTCTATCAGCAGGGAAGAAGAAATGACGGTACCTGACTAAGAAGCACCGGCTAAATACGTGCCAGCAGCCGCGGTAATACGTATGGTGCAAGCGTTATCCGGATTTACTGGGTGTAAAGGGAGCGCAGGCGGTACGGCAAGTCTGATGTGAAAGCCCGGGGCTCAACCCCGGTACTGCATTGGAAACTGTCGGACTAGAGTGTCGGAGGGGTAAGTGGAATTCCTAGTGTAGCGGTGAAATGCGTAGATATTAGGAGGAACACCAGTGGCGAAGGCGGCTTACTGGACGATTACTGACGCTGAGGCTCGAAAGCGTGGGGAGCAAACAGGATTAGATACCCTGGTAGTCCACGCCGTAAACGATGAATACTAGGTGTCGGGGAGCATTGCTCTTCGGTGCCGCAGCAAACGCAATAAGTATTCCACCTGGGGAGTACGTTCGCAAGAATGAAACTCAAAGGAATTGACGGGGACCCGCACAAGCGGTGGAGCATGTGGTTTAATTCGAAGCAACGCGAAGAACCTTACCAAGTCTTGACATCCCGATGACAGAACATGTAATGTGTTTTCTCTTCGGAGCATCGGTGACAGGTGGTGCATGGTTGTCGTCAGCTCGTGTCGTGAGATGTTGGGTTAAGTCCCGCAACGAGCGCAACCCCTATTCTTAGTAGCCAGCGGGTAAGCCGGGCACTCTAGGGAGACTGCCAGGGATAACCTGGAGGAAGGTGGGGATGACGTCAAATCATCATGCCCCTTATGACTTGGGCTACACACGTGCTACAATGGCGTAAACAAAGGGAAGCGAGCCTGCGAGGGGGAGCAAATCTCAAAAATAACGTCTCAGTTCGGACTGCAGTCTGCAACTCGACTGCACGAAGCTGGAATCGCTAGTAATCGCGAATCAGAATGTCGCGGTGAATACGTTCCCGGGTCTTGTACACACCGCCCGTCACACCATGGGAGTTGGTAATGCCCGAAGTCAGTGACCCAACCGCAAGGAGGGAGCTGCCGAAGGCAGGATCGATAACTGGGGTGAAGTCGTAACAAGGTAGCCGTATCGGAAGGTGCGGCTGGATCACCTCCTTT
9,NB2A-8-WC,Akkermansia muciniphila,Akkermansia muciniphila,ATGGAGAGTTTGATTCTGGCTCAGAACGAACGCTGGCGGCGTGGATAAGACATGCAAGTCGAACGAGAGAATTGCTAGCTTGCTAATAATTCTCTAGTGGCGCACGGGTGAGTAACACGTGAGTAACCTGCCCCCGAGAGCGGGATAGCCCTGGGAAACTGGGATTAATACCGCATAGAATCGCAAGATTAAAGCAGCAATGCGCTTGGGGATGGGCTCGCGGCCTATTAGTTAGTTGGTGAGGTAACGGCTCACCAAGGCGATGACGGGTAGCCGGTCTGAGAGGATGTCCGGCCACACTGGAACTGAGACACGGTCCAGACACCTACGGGTGGCAGCAGTCGAGAATCATTCACAATGGGGGAAACCCTGATGGTGCGACGCCGCGTGGGGGAATGAAGGTCTTCGGATTGTAAACCCCTGTCATGTGGGAGCAAATTAAAAAGATAGTACCACAAGAGGAAGAGACGGCTAACTCTGTGCCAGCAGCCGCGGTAATACAGAGGTCTCAAGCGTTGTTCGGAATCACTGGGCGTAAAGCGTGCGTAGGCTGTTTCGTAAGTCGTGTGTGAAAGGCGCGGGCTCAACCCGCGGACGGCACATGATACTGCGAGACTAGAGTAATGGAGGGGGAACCGGAATTCTCGGTGTAGCAGTGAAATGCGTAGATATCGAGAGGAACACTCGTGGCGAAGGCGGGTTCCTGGACATTAACTGACGCTGAGGCACGAAGGCCAGGGGAGCGAAAGGGATTAGATACCCCTGTAGTCCTGGCAGTAAACGGTGCACGCTTGGTGTGCGGGGAATCGACCCCCTGCGTGCCGGAGCTAACGCGTTAAGCGTGCCGCCTGGGGAGTACGGTCGCAAGATTAAAACTCAAAGAAATTGACGGGGACCCGCACAAGCGGTGGAGTATGTGGCTTAATTCGATGCAACGCGAAGAACCTTACCTGGGCTTGACATGTAATGAACAACATGTGAAAGCATGCGACTCTTCGGAGGCGTTACACAGGTGCTGCATGGCCGTCGTCAGCTCGTGTCGTGAGATGTTTGGTTAAGTCCAGCAACGAGCGCAACCCCTGTTGCCAGTTACCAGCACGTGAAGGTGGGGACTCTGGCGAGACTGCCCAGATCAACTGGGAGGAAGGTGGGGACGACGTCAGGTCAGTATGGCCCTTATGCCCAGGGCTGCACACGTACTACAATGCCCAGTACAGAGGGGGCCGAAGCCGCGAGGCGGAGGAAATCCTAAAAACTGGGCCCAGTTCGGACTGTAGGCTGCAACCCGCCTACACGAAGCCGGAATCGCTAGTAATGGCGCATCAGCTACGGCGCCGTGAATACGTTCCCGGGTCTTGTACACACCGCCCGTCACATCATGGAAGCCGGTCGCACCCGAAGTATCTGAAGCCAACCGCAAGGAGGCAGGGTCCTAAGGTGAGACTGGTAACTGGGATGAAGTCGTAACAAGGTAGCCGTAGGGGAACCTGCGGCTGGATCACCTCCTTT
10,NB2A-9-NA,[Ruminococcus] obeum,*[Ruminococcus] obeum,GCTTAACACATGCAAGTCGAACGAGAAGGCGTAGCAATACGCTTGTAAAGTGGCGAACGGGTGAGNAACACNTGGGTAACCTACCCTCGAGTGGGGGATAACCCGCCGAAAGGCGGGCTAATACCGCGTACGCTTCCGATCTTGCGAGATCGGAAGGAAAGCTGTCCCAAGGGGATGGCGCTCAAGGATGGGCTCACGTCCNATCAGCTNGTTGGTGNGGTAACGGCNNACCAAGGCGACGANGGNTAGCTGGTCTGAGAGGANGANCAGCCACACTGGGACTGNGACACGGCCCAGACTCCTACGGGAGGCAGCAGTNGGGAATCTTGCGCAATGNGCGAAAGCNTGACGCAGCNACGCCGCGTGNGGGANGANGGCCNTCGGGTTGTAAACCNCTTTCAGNAGGGACGAATCTGACGGTACCTGCAGAAGAAGCCCCGGCNAACTACGTGCCAGCAGCCGCGGTAATACGTAGGGGGCNAGCGTTGTCCGGATTTATTGGGCGTAAAGAGCTCGTAGGCGGCTTGGCAAGTCGGGTGTGAAACCTCCAGGCTTAACCTGGAGACGCCACTCGATNCTGCCATGGCTAGAGTCCGGTAGGGGACCACGGAATTCCTGGTGTAGCGGTGAAATGCGCAGATATCAGGAGGAACNCCGGTGGCGAAGGCGGNGNTCTGGGNCGGNACTGACGCTGAGGNGCGAAAGCGTGGGNAGCAAACAGGATTAGATACCCTGGTAGTCCACGCCGTAAACGNTGGGCACTAGGTGTGGGACCTTATCAACGGGTTCCGTGCCGTAGCTAACGCATTAAGTGCCCCGCCTGGGGAGTACGGCCGCAAGGCTAAAACTCAAAGGAATTGACGGGGGCCCGCACAAGCGGCGGAGCATGTTGCTTAATTCGATGCAACGCGAAGAACCTTACCTGGGTTGAACTACGCGGGAAAAGCCACAGAGATGTGGTGTCCGAAAGGGCCCGCGATAGGTGGTGCATGGCTGTCGTCAGCTCGTGTCGTGAGATGTTGGGTTAAGTCCCGCAACGAGCGCAACCCTTNTCCNATGTTGCCAGCGGATCATGCCGGGGACTCNTGGGAGACTGCCGGGGTCAACTCGGAGGAAGGTGGGGATGACGTCAAGTCANCATGCCCCTTATGTCCAGGGCTNNAAACATGCTACAATGGCCGGTACAAAGGGTNGCGAGNCNGCGANGNNGAGCNAATCCCATAAAGNNNGTCTNAGTNCGGATCGNAGTCTGCAACTCGACTNCGTGAAGNCGGAGTNGCTAGTAATCNCGNATCAGCANNGNCGNGGTGAATACGTTCCCGGGCCTTGTACACACCGCCCGTCACACCACGAAAGTTGGTAACACCCGAAGCCGGTGG
11,NB2B-20-GAM,[Clostridium] lactatifermentans,[Clostridium]/Anaerotognum lactatifermentans/propionicum/aminivorans,GAGTAATTCGGTATAGGATGGGCCCGCATCTGATTAGCTAGTTGGTGAGATAACAGCCCACCAAGGCGACGATCAGTAGCCGACCTGAGAGGGTGATCGGCCACATTGGGACTGAGACACGGCCCAAACTCCTACGGGAGGCAGCAGTGGGGAATATTGCACAATGGGGGAAACCCTGATGCAGCAACGCCGCGTGAAGGAAGAAGGTTTTCGGATCGTAAACTTCTATCAACAGGGACGAAGAAAGTGACGGTACCTGAATAAGAAGCCCCGGCTAACTACGTGCCAGCAGCCGCGGTAATACGTAGGGGGCAAGCGTTATCCGGAATTACTGGGTGTAAAGGGAGCGTAGGCGGCACGCCAAGCCAGATGTGAAAGCCCGAGGCTTAACCTCGCGGATTGCATTTGGAACTGGCGAGCTAGAGTACAGGAGAGGAAAGCGGAATTCCTAGTGTAGCGGTGAAATGCGTAGATATTAGGAAGAACACCAGTGGCGAAGGCGGCTTTCTGGACTGAAACTGACGCTGAGGCTCGAAAGCGTGGGGAGCAAACAGGATTAGATACCCTGGTAGTCCACGCCGTAAACGATGAGTGCTAGGTGTCGGGGAGGAATCCTCGGTGCCGCAGCTAACGCAATAAGCACTCCACCTGGGGAGTACGACCGCAAGGTTGAAACTCAAAGGAATTGACGGGGGCCCGCACAAGCGGTGGAGCATGTGGTTTAATTCGAAGCAACGCGAAGAACCTTACCAAGGCTTGACATCCCGATGACCGCTCTAGAGATAGAGNTTCTCTTCGGAGCATCGGTGACAGGTGGTGCATGGTTGTCGTCAGCTCGTGTCGTGAGATGTTGGGTTAAGTCCCGCAACGAGCGCAACCCTTATCCTTAGTAGCCATCATTGAGTTGGGCACTCTAGGGAGACTGCCGTGGATAACACGGAGGAAGGTGGGGATGACGTCAAATCATCATGCCCCTTATGTCTTGGGCTACACACGTGCTACAATGGCTGGTAACAGAGTGAAGCGAGACGGCGACGTTAAGCAAATCACAAAAACCCAGTCCCAGTTCGGATTGTAGTCTGCAACTCGACTACATGAAGCTGGAATCGCTAGTAATCGCGAATCAGAATGTCGCGGTGAATACGTTCCCGGGCCTTGTACACACCGCCCGTCACACCATGGGAGTTGGAAGCACCCGAAGTCGGTGACCTAACCGTAAGGAAGGAGCCGCCGAAGGTGAAGCCAGTGACTGGGGTGAAGTCGTAACAAGGTAGCCGTATCGGAAGGTGCGGCTGGATCACCTCCTTT
12,NB2A-15-BHI,Anaerovorax odorimutans,* Ihubacter massiliensis - Anaerovorax odorimutans – Emergencia timonensis,ATATGAGAGTTTGATCCTGGCTCAGGATGAACGCTGGCGGCGTGCCTAACACATGCAAGTCGAGCGAGAAGCTGATGATTGACACTTCGGTTGAGAGAATCAGTGGAAAGCGGCGGACGGGTGAGTAACGCGTAGGCAACCTGCCCTTTGCAGAGGGATAGCCTCGGGAAACCGGGATTAAAACCTCATGATGCTGTATGTCCGCATGGGCAGACGGTCAAAGATTTATCGGCAGAGGATGGGCCTGCGTCTGATTAGTTAGTTGGTGGGGTAACGGCCTACCAAGGCAACGATCAGTAGCCGACCTGAGAGGGTGATCGGCCACATTGGAACTGAGACACGGTCCAAACTCCTACGGGAGGCAGCAGTGGGGAATATTGCACAATGGGGGAAACCCTGATGCAGCAACGCCGCGTGAGCGAAGAAGGCCTTTGGGTCGTAAAGCTCTGTCCTTGGGGAAGAAAAAATGACGGTACCCAAGGAGGAAGCCCCGGCTAACTACGTGCCAGCAGCCGCGGTAATACGTAGGGGGCAAGCGTTATCCGGAATTATTGGGCGTAAAGAGTATGTAGGTGGTTTCTTAAGCGCAGGGTATAAGGCAATGGCTTAACCATTGTTCGCCCCGTGAACTGAGAGACTTGAGTGCTGGAGAGGAAAGCGGAATTCCTAGTGTAGCGGTGAAATGCGTAGATATTAGGAGGAACACCAGTGGCGAAGGCGGCTTTCTGGACAGTAACTGACACTGAGATACGAAAGCGTGGGGAGCAAACAGGATTAGATACCCTGGTAGTCCACGCCGTAAACGATGAGCACTAGGTGTCGGGCTCGCAAGAGTTCGGTGCCGGAGTTAACGCATTAAGTGCTCCGCCTGGGGAGTACGCACGCAAGTGTAAAACTCAAAGGAATTGACGGGGACCCGCACAAGCAGCGGAGCATGTGGTTTAATTCGAAGCAACGCGAAGAACCTTACCAGGGCTTGACATCCCTCCGACCGGTCCTTAATCGGACCTTTCTACGGACGGGGGAGACAGGTGGTGCATGGTTGTCGTCAGCTCGTGTCGTGAGATGTTGGGTTAAGTCCCGCAACGAGCGCAACCCTTGTCATTAGTTGCTAACAGTAAGATGAGAACTCTAATGAGACTGCCGTGGATAACACGGAGGAAGGTGGGGATGACGTCAAATCATCATGCCCCTTATGTCCTGGGCTACACACGTGCTACAATGGTCGGTACAAAGAGAAGCAAGACCGCGAGGTGGAGCAAATCTCAAAAACCGATCCCAGTTCGGATTGCAGGCTGCAACTCGCCTGCATGAAGTCGGAGTTGCTAGTAATCGCAGATCAGAATGCTGCGGTGAATGCGTTCCCGGGTCTTGTACACACCGCCCGTCACACCATGGAAGTTGGGGGCGCCCGAAGTCGGCTAGTAAATAGGCTGCCTAAGGCGAAATCAATGACTGGGGTGAAGTCGTAACAAGGTAGCCGTATCGGAAGGTGCGGCTGGATCACCTCCTTT
13,NB2A-14-FMU,[Ruminococcus] torques,[Ruminococcus] torques - Faecalicatena fissicatena ,AACGAGAGTTTGATCCTGGCTCAGGATGAACGCTGGCGGCGTGCCTAACACATGCAAGTCGAGCGAAGCACTTTGCTTAGATTCTTCGGATGAAGAGGATTGTGACTGAGCGGCGGACGGGTGAGTAACGCGTGGGTAACCTGCCTCATACAGGGGGATAACAGTTAGAAATGACTGCTAATACCGCATAAGACCACAGCACCGCATGGTGCGGGGGTAAAAACTCCGGTGGTATGAGATGGACCCGCGTCTGATTAGCTAGTTGGTAAGGTAACGGCTTACCAAGGCGACGATCAGTAGCCGACCTGAGAGGGTGACCGGCCACATTGGGACTGAGACACGGCCCAAACTCCTACGGGAGGCAGCAGTGGGGAATATTGCACAATGGGGGAAACCCTGATGCAGCGACGCCGCGTGAGCGAAGAAGTATTTCGGTATGTAAAGCTCTATCAGCAGGGAAGAAAATGACGGTACCTGACTAAGAAGCACCGGCTAAATACGTGCCAGCAGCCGCGGTAATACGTATGGTGCAAGCGTTATCCGGATTTACTGGGTGTAAAGGGAGCGTAGACGGATGGGCAAGTCTGATGTGAAAACCCGGGGCTCAACCCCGGGACTGCATTGGAAACTGTTCATCTAGAGTGCTGGAGAGGTAAGTGGAATTCCTAGTGTAGCGGTGAAATGCGTAGATATTAGGAGGAACACCAGTGGCGAAGGCGGCTTACTGGACAGTAACTGACGTTGAGGCTCGAAAGCGTGGGGAGCAAACAGGATTAGATACCCTGGTAGTCCACGCCGTAAACGATGACTACTAGGTGTCGGGTGGCAAAGCCATTCGGTGCCGCAGCAAACGCAATAAGTAGTCCACCTGGGGAGTACGTTCGCAAGAATGAAACTCAAAGGAATTGACGGGGACCCGCACAAGCGGTGGAGCATGTGGTTTAATTCGAAGCAACGCGAAGAACCTTACCTGCTCTTGACATCCCGCTGACCGGACGGTAATGCGTCCTTCCCTTCGGGGCAGCGGAGACAGGTGGTGCATGGTTGTCGTCAGCTCGTGTCGTGAGATGTTGGGTTAAGTCCCGCAACGAGCGCAACCCCTATCTTTAGTAGCCAGCGGCCAGGCCGGGCACTCTAGAGAGACTGCCGGGGATAACCCGGAGGAAGGTGGGGATGACGTCAAATCATCATGCCCCTTATGAGCAGGGCTACACACGTGCTACAATGGCGTAAACAAAGGGAAGCGAGACCGCGAGGTGGAGCAAATCCCAAAAATAACGTCTCAGTTCGGATTGTAGTCTGCAACTCGACTACATGAAGCTGGAATCGCTAGTAATCGCGAATCAGAATGTCGCGGTGAATACGTTCCCGGGTCTTGTACACACCGCCCGTCACACCATGGGAGTCAGTAACGCCCGAAGTCAGTGACCCAACCGTAAGGAGGGAGCTGCCGAAGGCGG
14,NB2A-17-FMU,Eubacterium rectale,[Eubacterium] rectale - Agathobacter ruminis – Roseburia hominis/faecis,ATTTTGTGACTGAGTGGCGGACGGGTGAGTAACGCGTGGGTAACCTGCCTTGTACAGGGGGATAACAGTTGGAAACGGCTGCTAATACCGCATAAGCGCACAGCATCGCATGATGCAGTGTGAAAAACTCCGGTGGTATAAGATGGACCCGCGTTGGATTAGCTAGTTGGTGAGGTAACGGCCCACCAAGGCGACGATCCATAGCCGACCTGAGAGGGTGACCGGCCACATTGGGACTGAGACACGGCCCAAACTCCTACGGGAGGCAGCAGTGGGGAATATTGCACAATGGGCGAAAGCCTGATGCAGCGACGCCGCGTGAGCGAAGAAGTATTTCGGTATGTAAAGCTCTATCAGCAGGGAAGATAATGACGGTACCTGACTAAGAAGCACCGGCTAAATACGTGCCAGCAGCCGCGGTAATACGTATGGTGCAAGCGTTATCCGGATTTACTGGGTGTAAAGGGAGCGCAGGCGGTGCGGCAAGTCTGATGTGAAAGCCCGGGGCTCAACCCCGGTACTGCATTGGAAACTGTCGTACTAGAGTGTCGGAGGGGTAAGCGGAATTCCTAGTGTAGCGGTGAAATGCGTAGATATTAGGAGGAACACCAGTGGCGAAGGCGGCTTACTGGACGATAACTGACGCTGAGGCTCGAAAGCGTGGGGAGCAAACAGGATTAGATACCCTGGTAGTCCACGCCGTAAACGATGAATACTAGGTGTTGGGAAGCATTGCTTCTCGGTGCCGTCGCAAACGCAGTAAGTATTCCACCTGGGGAGTACGTTCGCAAGAATGAAACTCAAAGGAATTGACGGGGACCCGCACAAGCGGTGGAGCATGTGGTTTAATTCGAAGCAACGCGAAGAACCTTACCAAGTCTTGACATCCTTCTGACCGGTACTTAACCGTACCTTCTCTTCGGAGCAGGAGTGACAGGTGGTGCATGGTTGTCGTCAGCTCGTGTCGTGAGATGTTGGGTTAAGTCCCGCAACGAGCGCAACCCTTATCTTTAGTAGCCAGCGGTTCGGCCGGGCACTCTAGAGAGACTGCCAGGGATAACCTGGAGGAAGGCGGGGATGACGTCAAATCATCATGCCCCTTATGACTTGGGCTACACACGTGCTACAATGGCGTAAACAAAGGGAAGCAAAGCTGTGAAGCCGAGCAAATCTCAAAAATAACGTCTCAGTTCGGACTGTAGTCTGCAACCCGACTACACGAAGCTGGAATCGCTAGTAATCGCAGATCAGAATGCTGCGGTGAATACGTTCCCGGGTCTTGTACACACCGCCCGTCACACCATGGGAGTTGGGAATGCCCGAAGCCAGTGACCTAACCGAAAGGAAGGAGCTGTCGAAGGCAGGCTCGATAACTGGGGTGAAGTCGTAACAAGGTAGCCGTATCGGAAGGTGCGGCTGGATCACCTCCTTT
15,NB2B-14-D5,Bacteroides eggerthii,Bacteroides eggerthii/gallinarum/clarus,ATGAAGAGTTTGATCCTGGCTCAGGATGAACGCTAGCTACAGGCTTAACACATGCAAGTCGAGGGGCAGCATGATTGAAGCTTGCTTCAATCGATGGCGACCGGCGCACGGGTGAGTAACACGTATCCAACCTGCCGATAACTCGGGGATAGCCTTTCGAAAGAAAGATTAATACCCGATAGTATAGTATTTCCGCATGGTTTCACTATTAAAGAATTTCGGTTATCGATGGGGATGCGTTCCATTAGATAGTTGGCGGGGTAACGGCCCACCAAGTCAACGATGGATAGGGGTTCTGAGAGGAAGGTCCCCCACATTGGAACTGAGACACGGTCCAAACTCCTACGGGAGGCAGCAGTGAGGAATATTGGTCAATGGACGAGAGTCTGAACCAGCCAAGTAGCGTGAAGGATGACTGCCCTATGGGTTGTAAACTTCTTTTATACGGGAATAAAGTGGAGTATGCATACTCCTTTGTATGTACCGTATGAATAAGGATCGGCTAACTCCGTGCCAGCAGCCGCGGTAATACGGAGGATCCGAGCGTTATCCGGATTTATTGGGTTTAAAGGGAGCGTAGGCGGGTGCTTAAGTCAGTTGTGAAAGTTTGCGGCTCAACCGTAAAATTGCAGTTGATACTGGGTACCTTGAGTGCAGCATAGGTAGGCGGAATTCGTGGTGTAGCGGTGAAATGCTTAGATATCACGAAGAACTCCGATTGCGAAGGCAGCTTACTGGACTGTAACTGACGCTGATGCTCGAAAGTGTGGGTATCAAACAGGATTAGATACCCTGGTAGTCCACACAGTAAACGATGAATACTCGCTGTTGGCGATACACAGTCAGCGGCCAAGCGAAAGCATTAAGTATTCCACCTGGGGAGTACGCCGGCAACGGTGAAACTCAAAGGAATTGACGGGGGCCCGCACAAGCGGAGGAACATGTGGTTTAATTCGATGATACGCGAGGAACCTTACCCGGGCTTAAATTGCAGCGGAATGTAGTGGAAACATTACAGCCTTCGGGCCGCTGTGAAGGTGCTGCATGGTTGTCGTCAGCTCGTGCCGTGAGGTGTCGGCTTAAGTGCCATAACGAGCGCAACCCTTATCTATAGTTACTATCAGGTCATGCTGAGGACTCTATGGAGACTGCCGTCGTAAGATGTGAGGAAGGTGGGGATGACGTCAAATCAGCACGGCCCTTACGTCCGGGGCTACACACGTGTTACAATGGGGGGTACAGAAGGCAGCTACCTGGCGACAGGATGCTAATCCCTAAAACCTCTCTCAGTTCGGATTGGAGTCTGCAACCCGACTCCATGAAGCTGGATTCGCTAGTAATCGCGCATCAGCCACGGCGCGGTGAATACGTTCCCGGGCCTTGTACACACCGCCCGTCAAGCCATGAAAGCCGGGGGTACCTGAAGTACGTAACCGCAAGGAGCGTCCTAGGGTAAAACTGGTGATTGGGGCTAAGTCGTAACAAGGTAGCCGTACCGGAAGGTGCGGCTGGAACACCTCCTTT
16,NB2B-26-FMU,Roseburia inulinivorans,Roseburia inulinivorans,ACTGAGTGGCGGACGGGTGAGTAACGCGTGGGTAACCTGCCTCACACAGGGGGATAACAGTTGGAAACGGCTGCTAATACCGCATAAGCGCACAGTACCGCATGGTACAGTGTGAAAAACTCCGGTGGTGTGAGATGGACCCGCGTCTGATTAGCTAGTTGGCAGGGCAACGGCCTACCAAGGCGACGATCAGTAGCCGACCTGAGAGGGTGACCGGCCACATTGGGACTGAGACACGGCCCAAACTCCTACGGGAGGCAGCAGTGGGGAATATTGCACAATGGGGGAAACCCTGATGCAGCGACGCCGCGTGAGCGAAGAAGTATTTCGGTATGTAAAGCTCTATCAGCAGGGAAGAAGAAATGACGGTACCTGACTAAGAAGCACCGGCTAAATACGTGCCAGCAGCCGCGGTAATACGTATGGTGCAAGCGTTATCCGGATTTACTGGGTGTAAAGGGAGCGCAGGCGGAAGGCTAAGTCTGATGTGAAAGCCCGGGGCTCAACCCCGGTACTGCATTGGAAACTGGTCATCTAGAGTGTCGGAGGGGTAAGTGGAATTCCTAGTGTAGCGGTGAAATGCGTAGATATTAGGAGGAACACCAGTGGCGAAGGCGGCTTACTGGACGATAACTGACGCTGAGGCTCGAAAGCGTGGGGAGCAAACAGGATTAGATACCCTGGTAGTCCACGCCGTAAACGATGAATACTAGGTGTCGGAAAGCACAGCTTTTCGGTGCCGCCGCAAACGCATTAAGTATTCCACCTGGGGAGTACGTTCGCAAGAATGAAACTCAAAGGAATTGACGGGGACCCGCACAAGCGGTGGAGCATGTGGTTTAATTCGAAGCAACGCGAAGAACCTTACCAAGTCTTGACATCCCGGTGACCGGACAGTAATGTGTCCTTTTCTTCGGAACACCGGTGACAGGTGGTGCATGGTTGTCGTCAGCTCGTGTCGTGAGATGTTGGGTTAAGTCCCGCAACGAGCGCAACCCTTATCCCCAGTAGCCAGCATTTTGGATGGGCACTCTGAGGAGACTGCCAGGGATAACCTGGAGGAAGGTGGGGATGACGTCAAATCATCATGCCCCTTATGACTTGGGCTACACACGTGCTACAATGGCGTAAACAAAGGGAAGCGAGACCGTGAGGTGGAGCAAATCCCAAAAATAACGTCTCAGTTCGGACTGTAGTCTGCAACCCGACTACACGAAGCTGGAATCGCTAGTAATCGCAGATCAGAATGCTGCGGTGAATACGTTCCCGGGTCTTGTACACACCGCCCGTCACACCATGGGAGTTGGAAATGCCCGAAGTCAGTGACCCAACCGCAAGGAGGGAGCTGCCGAAGGCAGGTTCGATAACTGGGGTGAAGTCGTAACAAGGTAGCCGTATCGGAAGGTGCGGCTGGATCACCTCCTTT
17,NB2B-20-DS,[Clostridium] hylemonae,*[Clostridium] hylemonae,ACGAGAGTTTGATCCTGGCTCAGGACGAACGCTGGCGGCGTGCCTAACACATGCAAGTCGAACGAGAATCTTTGGGATGATTCTTTCGGGATGAATTCCAAAGAGGAAAGTGGCGGACGGGCGAGTAACGCGTGAGTAACCTGCCCATAAGAGGGGGATAATCCATGGAAACGTGGACTAATACCGCATATTGTAGTTAAGTTGCATGACTTGATTATGAAAGATTTATCGCTTATGGATGGACTCGCGTCAGATTAGATAGTTGGTGAGGTAACGGCTCACCAAGTCAACGATCTGTAGCCGAACTGAGAGGTTGATCGGCCGCATTGGGACTGAGACACGGCCCAGACTCCTACGGGAGGCAGCAGTGGGGAATATTGCGCAATGGGGGCAACCCTGACGCAGCAACGCCGCGTGCAGGAAGAAGGTCTTCGGATTGTAAACTGTTGTCGCAAGGGAAGAAGACAGTGACGGTACCTTGTGAGAAAGTCACGGCTAACTACGTGCCAGCAGCCGCGGTAATACGTAGGTGACAAGCGTTGTCCGGATTTACTGGGTGTAAAGGGCGCGTAGGCGGACTGTCAAGTCAGTCGTGAAATACCGGGGCTTAACCCCGGGGCTGCGATTGAAACTGACAGCCTTGAGTATCGGAGAGGAAAGCGGAATTCCTAGTGTAGCGGTGAAATGCGTAGATATTAGGAGGAACACCAGTGGCGAAGGCGGCTTTCTGGACGACAACTGACGCTGAGGCGCGAAAGTGTGGGGAGCAAACAGGATTAGATACCCTGGTAGTCCACACCGTAAACGATGGATACTAGGTGTAGGAGGTATCGACCCCTTCTGTGCCGCAGTTAACACAATAAGTATCCCACCTGGGGAGTACGACCGCAAGGTTGAAACTCAAAGGAATTGACGGGGGCCCGCACAAGCAGTGGAGTATGTGGTTTAATTCGAAGCAACGCGAAGAACCTTACCTGGGCTTGACATCCCTGGAATCGAGTAGAGATACTTGAGTGCCTTCGGGAATCAGGTGACAGGTGGTGCATGGTTGTCGTCAGCTCGTGTCGTGAGATGTTGGGTTAAGTCCCGCAACGAGCGCAACCCCTATTGTCAGTTGCCATCATTAAGTTGGGCACTCTGGCGAGACTGCCGGTGACAAATCGGAGGAAGGTGGGGACGACGTCAAATCATCATGCCCCTTATGCCCAGGGCTACACACGTACTACAATGGCCGATAACAAAGTGCAGCGAAACCGTGAGGTGGAGCGAATCACAAAACTCGGTCTCAGTTCAGATTGCAGGCTGCAACTCGCCTGCATGAAGTTGGAATTGCTAGTAATCGCGGATCAGAATGCCGCGGTGAATACGTTCCCGGGCCTTGTACACACCGCCCGTCACACCATGAGAGTCGATAACACCCGAAGCCTGTGAGCTAACCTTTTAGGAGGCAGCAGTCGAAGGTGGGGTTGATGATTGGGGTGAAGTCGTAACAAGGTAGCCGTATCGGAAGGTGCGGCTGGATCACCTCCTTT
18,NB2B-3-WC,Barnesiella intestinihominis,Barnesiella intestinihominis,CGGCGACCGGCGCACGGGTGAGTAACACGTATGCAATCCACCTGTAACAGGGGGATAACCCGGAGAAATCCGGACTAATACCCCATAATATGGGCGCTCCGCATGGAGAGCCCATTAAAGAGAGCAATCTTGGTTACAGACGAGCATGCGCTCCATTAGCCAGTTGGCGGGGTAACGGCCCACCAAGGCGACGATGGATAGGGGTTCTGAGAGGAAGGTCCCCCACATTGGAACTGAGACACGGTCCAAACTCCTACGGGAGGCAGCAGTGAGGAATATTGGTCAATGGTCGGCAGACTGAACCAGCCAAGTCGCGTGAGGGAAGACGGCCCTACGGGTTGTAAACCTCTTTTGTCGGAGAGTAAAGTACGCTACGTGTAGCGTATTGCAAGTATCCGAAGAAAAAGCATCGGCTAACTCCGTGCCAGCAGCCGCGGTAATACGGAGGATGCAAGCGTTATCCGGATTTATTGGGTTTAAAGGGTGCGTAGGCGGCACGCCAAGTCAGCGGTGAAATTTCCGGGCTCAACCCGGAGTGTGCCGTTGAAACTGGCGAGCTAGAGTGCACAAGAGGCAGGCGGAATGCGTGGTGTAGCGGTGAAATGCATAGATATCACGCAGAACCCCGATTGCGAAGGCAGCCTGCTAGGGTGAAACAGACGCTGAGGCACGAAAGCGTGGGTATCGAACAGGATTAGATACCCTGGTAGTCCACGCAGTAAACGATGAATACTAACTGTTTGCGATACAATGTAAGCGGTACAGCGAAAGCGTTAAGTATTCCACCTGGGGAGTACGCCGGCAACGGTGAAACTCAAAGGAATTGACGGGGGCCCGCACAAGCGGAGGAACATGTGGTTTAATTCGATGATACGCGAGGAACCTTACCCGGGCTCAAACGCAGGGGGAATATATATGAAAGTATATAGCTAGCAATAGTCACCTGCGAGGTGCTGCATGGTTGTCGTCAGCTCGTGCCGTGAGGTGTCGGCTTAAGTGCCATAACGAGCGCAACCCCTATGGACAGTTACTAACGGGTGAAGCCGAGGACTCTGTCGAGACTGCCGGCGCAAGCCGCGAGGAAGGTGGGGATGACGTCAAATCAGCACGGCCCTTACGTCCGGGGCGACACACGTGTTACAATGGCAGGTACAGAAGGCAGCCAGTCAGCAATGACGCGCGAATCCCGAAAACCTGTCTCAGTTCGGATTGGAGTCTGCAACCCGACTCCATGAAGCTGGATTCGCTAGTAATCGCGCATCAGCCATGGCGCGGTGAATACGTTCCCGGGCCTTGTACACACCGCCCGTCAAGCCATGGAAGCCGGGAGTACCTGAAGCATGCAACCGCAAGGAGCGTACGAAGGTAATACCGGTAACTGGGGCTAAGTCGTAACAAGGTAGCCGTACCGGAAGGTGCGGCTGGAACACCTCCTTT
19,NB2A-14-DS,[Clostridium] aerotolerans,* [Clostridium] aerotolerans/amygdalinum/Blautia caecimuris,TTCCTTAGAAAGGAGGTGATCCAGCCGCACCTTCCGATACGGCTACCTTGTTACGACTTCACCCCAGTTATCAGTCCCGCCTTCGGCAGCTCCCTCCTTRCGGTTGGGTCACTGACTTCGGGCGTTACCAACTCCCATGGTGTGACGGGCGGTGTGTACAAGACCCGGGAACGTATTCACCGCGACATTCTGATTCGCGATTACTAGCGATTCCAGCTTCATGTAGTCGAGTTGCAGACTACAATCCGAACTGAGACGTTATTTTTGAGATTTGCTTAAGCTCACACTCTCGCTTCCCTTTGTTTACGCCATTGTAGCACGTGTGTAGCCCAAGTCATAAGGGGCATGATGATTTGACGTCATCCCCACCTTCCTCCAGGTTATCCCTGGCAGTCTCTCCAGAGTGCCCGACCGAATCGCTGGCTACTGAAGATAAGGGTTGCGCTCGTTGCGGGACTTAACCCAACATCTCACGACACGAGCTGACGACAACCATGCACCACCTGTCACCGATGCTCCGAAGAGAAGGYYCCATTACRRACCGGTCATCGGGATGTCAAGACTTGGTAAGGTTCTTCGCGTTGCTTCGAATTAAACCACATGCTCCACCGCTTGTGCGGGTCCCCGTCAATTCCTTTGAGTTTCATTCTTGCGAACGTACTCCCCAGGTGGAATACTTATTGCGTTTGCGGCGGCACCGAAGAGCTGTGCTCCCCGACACCTAGTATTCATCGTTTACGGCGTGGACTACCAGGGTATCTAATCCTGTTTGCTCCCCACGCTTTCGAGCCTCAACGTCAGTTACTGTCCAGTAAGCCGCCTTCGCCACTGGTGTTCCTCCTAATATCTACGCATTTCACCGCTACACTAGGAATTCCGCTTACCTCTCCAGCACTCTAGCCAAACAGTTTCAAAAGCAGTCCCGGGGTTGAGCCCCAGCCTTTCACTTCTGACTTGCTTARCCGTCTACGCTCCCTTTACACCCAGTAAATCCGGATAACGCTTGCCCCCTACGTATTACCGCGGCTGCTGGCACGTAGTTAGCCGGGGCTTCTTAGTCAGGTACCGTCATTTTCTTCCCTGCTGATAGAGCTTTACATACCGAAATACTTCTTCACTCACGCGGCGTCGCTGCATCAGGGTTTCCCCCATTGTGCAATATTCCCCACTGCTGCCTCCCGTAGGAGTTTGGGCCGTGTCTCAGTCCCAATGTGGCCGTTCACCCTCTCAGGCCGGCTATGGATCGTCGCCTTGGTAGGCCGTTACCCTGCCAACTAGCTAATCCAACGCGGGTCCATCTCACACCGATAAATCTTTTCCGTCCGGGCCATGCGGCCCTAGCGGGTTATGCGGTATTAGCGGTCGTTTCCAACTGTTATCCCCCTGTGTGAGGCAGGTTACCCACGCGTTACTCACCCGTCCGCCACTAAGTCGCAAGAGAAATCATCCGAAGAATCAATCTCAAGCGCTTCGTTCGACTTGCATGTGTTAAGCACGCCGCCAGCGTTCATCCTGAGCCAGGATCAAACTCTCGATTAA
20,NB2A-15-DCM,Bacteroides stercorirosoris,Bacteroides stercorirosoris/cellulosilyticus/intesinalis/timonensis/oleicipelus,ATGAAGAGTTTGATCCTGGCTCAGGATGAACGCTAGCTACAGGCTTAACACATGCAAGTCGAGGGGCAGCATGACCTAGCAATAGGTTGATGGCGACCGGCGCACGGGTGAGTAACACGTATCCAACCTACCGGTTATTCCGGGATAGCCTTTCGAAAGAAAGATTAATACCGGATAGTATAACGAGAAGGCATCTTCTTGTTATTAAAGAATTTCGATAACCGATGGGGATGCGTTCCATTAGTTTGTTGGCGGGGTAACGGCCCACCAAGACATCGATGGATAGGGGTTCTGAGAGGAAGGTCCCCCACATTGGAACTGAGACACGGTCCAAACTCCTACGGGAGGCAGCAGTGAGGAATATTGGTCAATGGACGAGAGTCTGAACCAGCCAAGTAGCGTGAAGGATGACTGCCCTATGGGTTGTAAACTTCTTTTATATGGGAATAAAGTGAGCCACGTGTGGCTTTTTGTATGTACCATACGAATAAGGATCGGCTAACTCCGTGCCAGCAGCCGCGGTAATACGGAGGATCCGAGCGTTATCCGGATTTATTGGGTTTAAAGGGAGCGTAGGCGGACTATTAAGTCAGCTGTGAAAGTTTGCGGCTCAACCGTAAAATTGCAGTTGATACTGGTCGTCTTGAGTGCAGTAGAGGTAGGCGGAATTCGTGGTGTAGCGGTGAAATGCTTAGATATCACGAAGAACTCCGATTGCGAAGGCAGCTTACTGGACTGTAACTGACGCTGATGCTCGAAAGTGTGGGTATCAAACAGGATTAGATACCCTGGTAGTCCACACAGTAAACGATGAATACTCGCTGTTTGCGATATACAGCAAGCGGCCAAGCGAAAGCATTAAGTATTCCACCTGGGGAGTACGCCGGCAACGGTGAAACTCAAAGGAATTGACGGGGGCCCGCACAAGCGGAGGAACATGTGGTTTAATTCGATGATACGCGAGGAACCTTACCCGGGCTTAAATTGCAAATGAATATAGTGGAAACATTATAGCCGCAAGGCATTTGTGAAGGTGCTGCATGGTTGTCGTCAGCTCGTGCCGTGAGGTGTCGGCTTAAGTGCCATAACGAGCGCAACCCTTATCTTTAGTTACTAACAGGTCATGCTGAGGACTCTAGAGAGACTGCCGTCGTAAGATGTGAGGAAGGTGGGGATGACGTCAAATCAGCACGGCCCTTACGTCCGGGGCTACACACGTGTTACAATGGGGGGTACAGAAGGCAGCTACACAGCGATGTGATGCTAATCCCAAAAGCCTCTCTCAGTTCGGATTGGAGTCTGCAACCCGACTCCATGAAGCTGGATTCGCTAGTAATCGCGCATCAGCCACGGCGCGGTGAATACGTTCNCGGGCCTTGTACACACCGCCCGTCAAGCCATGAAAGCCGGGGGTACCTGAAGTCCGTAACCGCAAGGAG
21,NB2A-20-GAM,Flavonifractor plautii,Flavonifractor plautii – Pseduoflavonifractor phocaeensis – Intestinimonas butyriciproducens,TATTGAGAGTTTGATCCTGGCTCAGGATGAACGCTGGCGGCGTGCTTAACACATGCAAGTCGAACGGGGTGCTCATGACGGAGGATTCGTCCAACGGATTGAGTTACCTAGTGGCGGACGGGTGAGTAACGCGTGAGGAACCTGCCTTGGAGAGGGGGATAACACTCCGAAAGGAGTGCTAATACCGCATGATGCAGTTGGGTCGCATGGCTCTGACTGCCAAAGATTTATCGCTCTGAGATGGCCTCGCGTCTGATTAGCTAGTAGGTGGGGTAACGGCCCACCTAGGCGACGATCAGTAGCCGGACTGAGAGGTTGACCGGCCACATTGGGACTGAGACACGGCCCAGACTCCTACGGGAGGCAGCAGTGGGGAATATTGGGCAATGGGCGCAAGCCTGACCCAGCAACGCCGCGTGAAGGAAGAAGGCTTTCGGGTTGTAAACTTCTTTTGTCAGGGACGAAACAAATGACGGTACCTGACGAATAAGCCACGGCTAACTACGTGCCAGCAGCCGCGGTAATACGTAGGTGGCAAGCGTTATCCGGATTTACTGGGTGTAAAGGGCGTGTAGGCGGGATTGCAAGTCAGATGTGAAAACTGGGGGCTCAACCTCCAGCCTGCATTTGAAACTGTAGTTCTTGAGTGCTGGAGAGGCAATCGGAATTCCGTGTGTAGCGGTGAAATGCGTAGATATACGGAGGAACACCAGTGGCGAAGGCGGATTGCTGGACAGTAACTGACGCTGAGGCGCGAAAGCGTGGGGAGCAAACAGGATTAGATACCCTGGTAGTCCACGCCGTAAACGATGGATACTAGGTGTGGGGGGTCTGACCCCCTCCGTGCCGCAGTTAACACAATAAGTATCCCACCTGGGGAGTACGATCGCAAGGTTGAAACTCAAAGGAATTGACGGGGGCCCGCACAAGCGGTGGAGTATGTGGTTTAATTCGAAGCAACGCGAAGAACCTTACCAGGGCTTGACATCCCACTAACGAAGCAGAGATGCATTAGGTGCCCTTCGGGGAAAGTGGAGACAGGTGGTGCATGGTTGTCGTCAGCTCGTGTCGTGAGATGTTGGGTTAAGTCCCGCAACGAGCGCAACCCTTATTGTTAGTTGCTACGCAAGAGCACTCTAGCGAGACTGCCGTTGACAAAACGGAGGAAGGTGGGGACGACGTCAAATCATCATGCCCCTTATGTCCTGGGCCACACACGTACTACAATGGTGGTTAACAGAGGGAGGCAAAACCGCGAGGTGGAGCAAATCCCTAAAAGCCATCCCAGTTCGGATTGCAGGCTGAAACCCGCCTGTATGAAGTTGGAATCGCTAGTAATCGCGGATCAGCATGCCGCGGTGAATACGTTCCCGGGCCTTGTACACACCGCCCGTCACACCATGAGAGTCGGGAACACCCGAAGTCCGTAGCCTAACCG
22,NB2A-3-NA,Dorea longicatena, Dorea longicatena – [Ruminococcus] gnavus ,GCATGGTACAGTGGTAAAAACTCCGGTGGTATGAGATGGACCCGCGTCTGATTAGGTAGTTGGTGGGGTAACGGCCTACCAAGCCGACGATCAGTAGCCGACCTGAGAGGGTGACCGGCCACATTGGGACTGAGACACGGCCCAGACTCCTACGGGAGGCAGCAGTGGGGAATATTGCACAATGGAGGAAACTCTGATGCAGCGACGCCGCGTGAAGGATGAAGTATTTCGGTATGTAAACTTCTATCAGCAGGGAAGAAAATGACGGTACCTGACTAAGAAGCCCCGGCTAACTACGTGCCAGCAGCCGCGGTAATACGTAGGGGGCAAGCGTTATCCGGATTTACTGGGTGTAAAGGGAGCGTAGACGGCACGGCAAGCCAGATGTGAAAGCCCGGGGCTCAACCCCGGGACTGCATTTGGAACTGCTGAGCTAGAGTGTCGGAGAGGCAAGTGGAATTNCTAGTGTAGCGGTGAAATGCGTAGATATTAGGAGGAACACCAGTGGCGAAGGCGGCTTGCTGGACGATGACTGACGTTGAGGCTCGAAAGCGTGGGGAGCAAACAGGATTAGATACCCTGGTAGTCCACGCCGTAAACGATGACTGCTAGGTGTCGGGTGGCAAAGCCATTCGGTGCCGCAGCTAACGCAATAAGCAGTCCACCTGGGGAGTACGTTCGCAAGAATGAAACTCAAAGGAATTGACGGGGACCCGCACAAGCGGTGGAGCATGTGGTTTAATTCGAAGCAACGCGAAGAACCTTACCTGATCTTGACATCCCGATGACCGCTTCGTAATGGAAGNTTTTCTTCGGAACATCGGTGACAGGTGGTGCATGGTTGTCGTCAGCTCGTGTCGTGAGATGTTGGGTTAAGTCCCGCAACGAGCGCAACCCCTATCTTCAGTAGCCAGCAGGTTAAGCTGGGCACTCTGGAGAGACTGCCAGGGATAACCTGGAGGAAGGTGGGGATGACGTCAAATCATCATGCCCCTTATNACCAGGGCTACACACGTGCTACAATGGCGTAAACAAAGAGACGCGAACTCGCGAGGGTAAGCAAATCTCAAAAATAACGTCTCAGTTCGGATTGTAGTCTGCAACTCGACTACATGAAGCTGGAATCGCTAGTAATCGCAGATCAGAATGCTGCGGTGAATACGTTCCCGGGTCTTGTACACACCGCCCGTCACACCATGGGAGTCAGTAACGCCCGAAGTCAGTGACCCAACCGTAAGGAGGGAGCTGCCGAAGGTGGGACCGATAACTGGGGTGAAGTCGTAACAAGGTAGCCGTATCGGAAGGTGCGGCTGGATCACCTCCTTT
23,NB2A-5-TSAB,Blautia stercoris,Blautia stercoris/faecis,TTCGCTTCCCTCTGTTTACGCCATTGTAGCACGTGTGTAGCCCAAATCATAAGGGGCATGATGATTTGACGTCATCCCCACCTTCCTCCAGGTTATCCCTGGCAGTCTCCTCAGAGTGCCCACCATTACATGCTGGCTACTGGGGATAGGGGTTGCGCTCGTTGCGGGACTTAACCCAACATCTCACGACACGAGCTGACGACAACCATGCACCACCTGTCTTGCCTGTCCCGAAGGAAAGGTGACGTTACTCACCGGTCAGGCAGATGTCAAGACTTGGTAAGGTTCTTCGCGTTGCTTCGAATTAAACCACATGCTCCACCGCTTGTGCGGGTCCCCGTCAATTCCTTTGAGTTTCATTCTTGCGAACGTACTCCCCAGGTGGAATACTTAATGCGTTTGCGGCGGCACCGAAGAGCTGTGCTCCCCGACACCTAGTATTCATCGTTTACGGCGTGGACTACCAGGGTATCTAATCCTGTTTGCTCCCCACGCTTTCGAGCCTCAACGTCAGTTACCGTCCAGTAAGCCGCCTTCGCCACTGGTGTTCCTCCTAATATCTACGCATTTCACCGCTACACTAGGAATTCCGCTTACCCCTCCGGCACTCAAGCTTAACAGTTTCCAATGCAGTCCCGGGGTTAAGCCCCAGCCTTTCACATCAGACTTGTTATGCCGTCTACGCTCCCTTTACACCCAGTAAATCCGGATAACGCTTGCCCCCTACGTATTACCGCGGCTGCTGGCACGTAGTTAGCCGGGGCTTCTTAGTCAGGTACCGTCATTTTCTTCCCTGCTGATAGAAGTTTACATACCGAGATACTTCTTCCTTCACGCGGCGTCGCTGCATCAGGGTTTCCCCCATTGTGCAATATTCCCCACTGCTGCCTCCCGTAGGAGTCTGGGCCGTGTCTCAGTCCCAATGTGGCCGTTCACCCTCTCAGGCCGGCTATGGATCGTCGCTTTGGTAGGCCGTTACCCTGCCAACTGGCTAATCCAACGCGGGTCCATCTTATACCACCTCAGTTTTTCACACCGGGCCATGCGGCCCTGTGCGCTTATGCGGTATTAGCAGCCATTTCTGACTGTTATCCCCCTGTATAAGGCAGGTTACCCACGCGTTACTCACCCGTCCGCCACTAGGATTAAATCAAATCTGCCGAAGCTTCAATAAAATAATCCCCGTTCGACTTGCATGTGTTAAGCACGCCGCCAGCGTTCATCCTGAGCCAGGATCAAACTCTCTGATAAAGTTTGATGTCTCAAGACAACCAACTAGCTTAGTTATCTCTCGTCATTACTGTTTTAAAGTTCATTCTTCCGAATGTGATTGTAAAAGAATTTTCGAGAATCGTATGTGTTTCACTGTTTAGTTATCAATGTTCATTGCTTTTTACTGTCTCTCGACAGCTTATTTACTTTACCACATCTTTTTTTGTTTGTCAACAACTTTTTTGAAGTTTTTCAAACTTTTTTTCCGAAGATGAAGTTTTGTCATCCGTGTTGACGACTTGACTACTTTATCATAGATAAGTCAGTTTGTCAACAGG
24,NB2B-11-FAA,Bifidobacterium longum,Bifidobacterium longum/breve/saeculare/pseduocatenulatum/gallinarum/pullorum/denticum,GTGGAGGGTTCGATTCTGGCTCAGGATGAACGCTGGCGGCGTGCTTAACACATGCAAGTCGAACGGGATCCATCAGGCTTTGCTTGGTGGTGAGAGTGGCGAACGGGTGAGTAATGCGTGACCGACCTGCCCCATACACCGGAATAGCTCCTGGAAACGGGTGGTAATGCCGGATGCTCCAGTTGATCGCATGGTCTTCTGGGAAAGCTTTCGCGGTATGGGATGGGGTCGCGTCCTATCAGCTTGACGGCGGGGTAACGGCCCACCGTGGCTTCGACGGGTAGCCGGCCTGAGAGGGCGACCGGCCACATTGGGACTGAGATACGGCCCAGACTCCTACGGGAGGCAGCAGTGGGGAATATTGCACAATGGGCGCAAGCCTGATGCAGCGACGCCGCGTGAGGGATGGAGGCCTTCGGGTTGTAAACCTCTTTTATCGGGGAGCAAGCGAGAGTGAGTTTACCCGTTGAATAAGCACCGGCTAACTACGTGCCAGCAGCCGCGGTAATACGTAGGGTGCAAGCGTTATCCGGAATTATTGGGCGTAAAGGGCTCGTAGGCGGTTCGTCGCGTCCGGTGTGAAAGTCCATCGCTTAACGGTGGATCCGCGCCGGGTACGGGCGGGCTTGAGTGCGGTAGGGGAGACTGGAATTCCCGGTGTAACGGTGGAATGTGTAGATATCGGGAAGAACACCAATGGCGAAGGCAGGTCTCTGGGCCGTTACTGACGCTGAGGAGCGAAAGCGTGGGGAGCGAACAGGATTAGATACCCTGGTAGTCCACGCCGTAAACGGTGGATGCTGGATGTGGGGCCCGTTCCACGGGTTCCGTGTCGGAGCTAACGCGTTAAGCATCCCGCCTGGGGAGTACGGCCGCAAGGCTAAAACTCAAAGAAATTGACGGGGGCCCGCACAAGCGGCGGAGCATGCGGATTAATTCGATGCAACGCGAAGAACCTTACCTGGGCTTGACATGTTCCCGACGGTCGTAGAGATACGGCTTCCCTTCGGGGCGGGTTCACAGGTGGTGCATGGTCGTCGTCAGCTCGTGTCGTGAGATGTTGGGTTAAGTCCCGCAACGAGCGCAACCCTCGCCCCGTGTTGCCAGCGGATTATGCCGGGAACTCACGGGGGACCGCCGGGGTTAACTCGGAGGAAGGTGGGGATGACGTCAGATCATCATGCCCCTTACGTCCAGGGCTTCACGCATGCTACAATGGCCGGTACAACGGGATGCGACGCGGCGACGCGGAGCGGATCCCTGAAAACCGGTCTCAGTTCGGATCGCAGTCTGCAACTCGACTGCGTGAAGGCGGAGTCGCTAGTAATCGCGAATCAGCAACGTCGCGGTGAATGCGTTCCCGGGCCTTGTACACACCGCCCGTCAAGTCATGAAAGTGGGCAGCACCCGAAGCCGGTGGCCTAACCCCTTGTGGGATGGAGCCGTCTAAGGTGAGGCTCGTGATTGGGACTAAGTCGTAACAAGGTAGCCGTACCGGAAGGTGCGGCTGGATCACCTCCTTT
25,NB2A-2-FAA,Coprococcus comes,Coprococcus comes,GAGAGTTTGATCCTGGCTCAGGATGAACGCTGGCGGCGTGCTTAACACATGCAAGTCGAACGAAGCACCTGGATTTGATTCTTCGGATGAAGATCCTTGTGACTGAGTGGCGGACGGGTGAGTAACGCGTGGGTAACCTGCCTCATACAGGGGGATAACAGTTAGAAATGACTGCTAATACCGCATAAGACCACAGGGTCGCATGACCTGGTGGGAAAAACTCCGGTGGTATGAGATGGACCCGCGTCTGATTAGGTAGTTGGTGGGGTAACGGCCTACCAAGCCGACGATCAGTAGCCGACCTGAGAGGGTGACCGGCCACATTGGGACTGAGACACGGCCCAAACTCCTACGGGAGGCAGCAGTGGGGAATATTGCACAATGGGGGAAACCCTGATGCAGCGACGCCGCGTGAGCGAAGAAGTATTTCGGTATGTAAAGCTCTATCAGCAGGGAAGAAAATGACGGTACCTGACTAAGAAGCACCGGCTAAATACGTGCCAGCAGCCGCGGTAATACGTATGGTGCAAGCGTTATCCGGATTTACTGGGTGTAAAGGGAGCGTAGACGGCTGTGTAAGTCTGAAGTGAAAGCCCGGGGCTCAACCCCGGGACTGCTTTGGAAACTATGCAGCTAGAGTGTCGGAGAGGTAAGTGGAATTCCCAGTGTAGCGGTGAAATGCGTAGATATTGGGAGGAACACCAGTGGCGAAGGCGGCTTACTGGACGATGACTGACGTTGAGGCTCGAAAGCGTGGGGAGCAAACAGGATTAGATACCCTGGTAGTCCACGCCGTAAACGATGACTACTAGGTGTCGGGGAGCAAAGCTCTTCGGTGCCGCAGCAAACGCAATAAGTAGTCCACCTGGGGAGTACGTTCGCAAGAATGAAACTCAAAGGAATTGACGGGGACCCGCACAAGCGGTGGAGCATGTGGTTTAATTCGAAGCAACGCGAAGAACCTTACCTGCTCTTGACATCCCGGTGACCGGCATGTAATGATGCCTTTTCTTCGGAACACCGGTGACAGGTGGTGCATGGTTGTCGTCAGCTCGTGTCGTGAGATGTTGGGTTAAGTCCCGCAACGAGCGCAACCCTTATCTTCAGTAGCCAGCATTTCGGGTGGGCACTCTGGAGAGACTGCCAGGGATAACCTGGAGGAAGGTGGGGATGACGTCAAATCATCATGCCCCTTATGAGCAGGGCTACACACGTGCTACAATGGCGTAAACAAAGGGAAGCGAACCTGTGAGGGTAAGCAAATCTCAAAAATAACGTCTCAGTTCGGATTGTAGTCTGCAACTCGACTACATGAAGCTGGAATCGCTAGTAATCGCGAATCAGCATGTCGCGGTGAATACGTTCCCGGGTCTTGTACACACCGCCCGTCACACCATGGGAGTTGGTAACGCCCGAAGTCAGTGACTCAACCGTAAGGAGAGAGCTGCCGAAGGTGGGACCGATAACTGGGGTGAAGTCGTAACAAGGTAGCCGTATCGGAAGGTGCGGCTGGATCACCTCCTTT
26,NB2B-6-CNA,[Eubacterium] eligens,[Eubacterium] eligens,TTCCTTAGAAAGGAGGTGATCCAGCCGCACCTTCCGATACGGCTACCTTGTTACGACTTCACCCCAGTTATCAAACCTGCCTTCGGCGGCTCCTTCTTTCGTTAGGTCACCGACTTCGGGCATTTTCGACTCCCATGGTGTGACGGGCGGTGTGTACAAGACCCGGGAACGTATTCACCGCAGCATTCTGATCTGCGATTACTAGCGATTCCAGCTTCATGTAGTCGAGTTGCAGACTACAATCCGAACTGAGACGTTATTTTTGTGATTTGCTTGGCCTCACGACTTCGCTTCACTTTGTTTACGCCATTGTAGCACGTGTGTAGCCCAAGTCATAAGGGGCATGATGATTTGACGTCATCCCCACCTTCCTCCAGGTTATCCCTGGCAGTCTCCCTAGAGTGCCCATCTTACTGCTGGCTACTAAGGATAGGGGTTGCGCTCGTTGCGGGACTTAACCCAACATCTCACGACACGAGCTGACGACAACCATGCACCACCTGTCTCCACTGTCCCGAAGGAAAGGACACATTACTGTCCGGTCAGTGGGATGTCAAGACTTGGTAAGGTTCTTCGCGTTGCTTCGAATTAAACCACATGCTCCACCGCTTGTGCGGGTCCCCGTCAATTCCTTTGAGTTTCATTCTTGCGAACGTACTCCCCAGGTGGAATACTTATTGCGTTTGCTGCGGCACCGAAGCCCTTATGGGCCCCGACACCTAGTATTCATCGTTTACGGCGTGGACTACCAGGGTATCTAATCCTGTTTGCTCCCCACGCTTTCGAGCCTCAGTGTCAGTTACAGTCCAGTGAGCCGCCTTCGCCACTGGTGTTCCTCCTAATATCTACGCATTTCACCGCTACACTAGGAATTCCACTCACCCCTCCTGCACTCCAGCCTTACAGTTTCAAAAGCAGTTCCGGGGTTGAGCCCCGGATTTTCACTTCTGACTTGCATGGCCACCTACACTCCCTTTACACCCAGTAAATCCGGATAACGCTTGCTCCATACGTATTACCGCGGCTGCTGGCACGTATTTAGCCGGAGCTTCTTAGTCAGGTACCGTCACTATCTTCCCTGCTGATAGAGCTTTACATAACGAATTACTTCTTCACTCACGCGGCGTCGCTGCATCAGAGTTTCCTCCATTGTGCAATATTCCCCACTGCTGCCTCCCGTAGGAGTCTGGGCCGTGTCTCAGTCCCAATGTGGCCGGTCACCCTCTCAGGTCGGCTACTGATCGTCGCCTTGGTGGGCTGTTATCTCACCAACTAGCTAATCAGACGCGGGTCCATCTTATACCACCGGAGTTTTTCACACCATGTCATGCAACATTGTGCGCTTATGCGGTATTACCAGCCGTTTCCAGCTGCTATCCCCCAGTACAAGGCAGGTTACCCACGCGTTACTCACCCGTCCGCCACTCAGTCATAAAGAACTTCAAACCGAAGTAATCCGTTCTAAATGCTTCGTTCGACTTGCATGTGTTAAGCACGCCGCCAGCGTTCATCCTGAGCCAGGATCAAACTCTCATA
27,NB2B-AER-MRS-02,Lactobacillus paracasei,Lactobacillus paracasei/zeae/casei/rhamnosus/brantae/ camelliae/saniviri/manihotivorans,CCAAGGCGATGATACGTAGCCGAACTGAGAGGTTGATCGGCCACATTGGGACTGAGACACGGCCCAAACTCCTACGGGAGGCAGCAGTAGGGAATCTTCCACAATGGACGCAAGTCTGATGGAGCAACGCCGCGTGAGTGAAGAAGGCTTTCGGGTCGTAAAACTCTGTTGTTGGAGAAGAATGGTCGGCAGAGTAACTGTTGNCGNCGTGACGGTATCCAACCAGAAAGCCACGGCTAACTACGTGCCAGCAGCCGCGGTAATACGTAGGTGGCAAGCGTTATCCGGATTTATTGGGCGTAAAGCGAGCGCAGGCGGTTTTTTAAGTCTGATGTGAAAGCCCTCGGCTTAACCGAGGAAGCGCATCGGAAACTGGGAAACTTGAGTGCAGAAGAGGACAGTGGAACTCCATGTGTAGCGGTGAAATGCGTAGATATATGGAAGAACACCAGTGGCGAAGGCGGCTGTCTGGTCTGTAACTGACGCTGAGGCTCGAAAGCATGGGTAGCGAACAGGATTAGATACCCTGGTAGTCCATGCCGTAAACGATGAATGCTAGGTGTTGGAGGGTTTCCGCCCTTCAGTGCCGCAGCTAACGCATTAAGCATTCCGCCTGGGGAGTACGACCGCAAGGTTGAAACTCAAAGGAATTGACGGGGGCCCGCACAAGCGGTGGAGCATGTGGTTTAATTCGAAGCAACGCGAAGAACCTTACCAGGTCTTGACATCTTTTGATCACCTGAGAGATCAGGTTTCCCCTTCGGGGGCAAAATGACAGGTGGTGCATGGTTGTCGTCAGCTCGTGTCGTGAGATGTTGGGTTAAGTCCCGCAACGAGCGCAACCCTTATGACTAGTTGCCAGCATTTAGTTGGGCACTCTAGTAAGACTGCCGGTGACAAACCGGAGGAAGGTGGGGATGACGTCAAATCATCATGCCCCTTATGACCTGGGCTACACACGTGCTACAATGGATGGTACAACGAGTTGCGAGACCGCGAGGTCAAGCTAATCTCTTAAAGCCATTCTCAGTTCGGACTGTAGGCTGCAACTCGCCTACACGAAGTCGGAATCGCTAGTAATCGCGGATCAGCACGCCGCGGTGAATACGTTCCCGGGCCTTGTACACACCGCCCGTCACACCATGAGAGTTTGTAACACCCGAAGCCGGTGGCGTAACCCTTTTAGGGAGCGAGCCGTCTAAGGTGGGACAAATGATTAGGGTGAAGTCGTAACAAGGTAGCCGTAGGAGAACCTGCGGCTGGATCACCTCCTTT
28,NB2B-13-CNA,[Clostridium] oroticum,[Clostridium] oroticum/ Faecalicatena contorta/fissicatena/orotica/umbilicata,CCTTAGAAAGGAGGTGATCCAGCCGCACCTTCCGATACGGCTACCTTGTTACGACTTCACCCCAGTTATCGGTCCCACCTTCGGCAGCTCCCTCCTTGCGGTTGGGTCACTGACTTCGGGCGTTACCAACTCCCATGGTGTGACGGGCGGTGTGTACAAGACCCGGGAACGTATTCACCGCGACATTCTGATTCGCGATTACTAGCGATTCCAGCTTCATGTAGTCGAGTTGCAGACTACAATCCGAACTGAGACGTTATTTTTGAGATTTGCTTACCCTCGCAGGCTCGCTTCCCTTTGTTTACGCCATTGTAGCACGTGTGTAGCCCTGCTCATAAGGGGCATGATGATTTGACGTCATCCCCACCTTCCTCCAGGTTATCCCTGGCAGTCTCTCTAGAGTGCCCGGCCRWACCGCTGGCTACTAAAGATAGGGGTTGCGCTCGTTGCGGGACTTAACCCAACATCTCACGACACGAGCTGACGACAACCATGCACCACCTGTCATCCCTGTCCCGAAGGAAAGGCAACATTACTTGCCGGTCAGGGAGATGTCAAGAGCAGGTAAGGTTCTTCGCGTTGCTTCGAATTAAACCACATGCTCCACCGCTTGTGCGGGTCCCCGTCAATTCCTTTGAGTTTCATTCTTGCGAACGTACTCCCCAGGTGGACTACTTATTGCGTTGGCTGCGGCACCGAATAGCTCTGCTACCCGACACCTAGTAGTCATCGTTTACGGCGTGGACTACCAGGGTATCTAATCCTGTTTGCTCCCCACGCTTTCGAGCCTCAACGTCAGTCATCGTCCAGCAAGCCGCCTTCGCCACTGGTGTTCCTCCTAATATCTACGCATTTCACCGCTACACTAGGAATTCCACTTGCCTCTCCGACACTCTAGTTCGACAGTTTCCAATGCAGTCCCAGGGTTGAGCCCTGGCCTTTCACATCAGACTTGCCATACCGTCTACGCTCCCTTTACACCCAGTAAATCCGGATAACGCTTGCCCCCTACGTATTACCGCGGCTGCTGGCACGTAGTTAGCCGGGGCTTCTTAGTCAGGTACCGTCATTTTCTTCCCTGCTGATAGAAGTTTACATACCGAAATACTTCATCCTTCACGCGGCGTCGCTGCATCAGGGTTTCCCCCATTGTGCAATATTCCCCACTGCTGCCTCCCGTAGGAGTTTGGGCCGTGTCTCAGTCCCAATGTGGCCGGTCACCCTCTCAGGTCGGCTACTGATCGTCGCCTTGGTAGGCCGTTACCCCACCAACYAGCTAATCAGACGCGGGTCCATCTCATACCACCGGAGTTTTTACCCCTGCACCATGCGGTGCTGTGGTCTTATGCGGTATTAGCAGYCATTTCTAACTGTTATCCCCCTGTATGAGGCAGGTTACCCACGCGTTACTCACCCGTCCGCCACTCAGTCACAAAAGTCTTCATCCGAAGAATCAAACTTAAGTGCTTCGTTCGACTTGCATGTGTTAAGCACGCCGCCAGCGTTCATCCTGAGCCAGGATCAAACTCTCGT
29,NB2B-15-DCM,Dorea formicigenerans,Dorea formicigenerans,TTAAACGAGAGTTTGATCCTGGCTCAGGATGAACGCTGGCGGCGTGCTTAACACATGCAAGTCGAGCGAAGCACTTAAGTTCGATTCTTCGGATGAAGACTTTTGTGACTGAGCGGCGGACGGGTGAGTAACGCGTGGGTAACCTGCCTCATACAGGGGGATAACAGTTAGAAATGGCTGCTAATACCGCATAAGACCACAGTACTGCATGGTACAGTGGTAAAAACTCCGGTGGTATGAGATGGACCCGCGTCTGATTAGGTAGTTGGTGAGGTAACGGCCCACCAAGCCGACGATCAGTAGCCGACCTGAGAGGGTGACCGGCCACATTGGGACTGAGACACGGCCCAGACTCCTACGGGAGGCAGCAGTGGGGAATATTGCACAATGGGCGAAAGCCTGATGCAGCGACGCCGCGTGAAGGATGAAGTATTTCGGTATGTAAACTTCTATCAGCAGGGAAGAAAATGACGGTACCTGACTAAGAAGCCCCGGCTAACTACGTGCCAGCAGCCGCGGTAATACGTAGGGGGCAAGCGTTATCCGGATTTACTGGGTGTAAAGGGAGCGTAGACGGCTGTGCAAGTCTGAAGTGAAAGGCATGGGCTCAACCTGTGGACTGCTTTGGAAACTGTGCAGCTAGAGTGTCGGAGAGGTAAGTGGAATTCCTAGTGTAGCGGTGAAATGCGTAGATATTAGGAGGAACACCAGTGGCGAAGGCGGCTTACTGGACGATGACTGACGTTGAGGCTCGAAAGCGTGGGGAGCAAACAGGATTAGATACCCTGGTAGTCCACGCCGTAAACGATGACTGCTAGGTGTCGGGTAGCAAAGCTATTCGGTGCCGCAGCTAACGCAATAAGCAGTCCACCTGGGGAGTACGTTCGCAAGAATGAAACTCAAAGGAATTGACGGGGACCCGCACAAGCGGTGGAGCATGTGGTTTAATTCGAAGCAACGCGAAGAACCTTACCTGATCTTGACATCCCGATGACCGCTTCGTAATGGAAGCTTTTCTTCGGAACATCGGTGACAGGTGGTGCATGGTTGTCGTCAGCTCGTGTCGTGAGATGTTGGGTTAAGTCCCGCAACGAGCGCAACCCTTATCTTCAGTAGCCAGCATTTAAGATGGGCACTCTGGAGAGACTGCCAGGGATAACCTGGAGGAAGGTGGGGATGACGTCAAATCATCATGCCCCTTATGACCAGGGCTACACACGTGCTACAATGGCGTAAACAAAGGGAAGCAGAGCCGCGAGGCCGAGCAAATCTCAAAAATAACGTCTCAGTTCGGATTGTAGTCTGCAACTCGACTACATGAAGCTGGAATCGCTAGTAATCGCAGATCAGAATGCTGCGGTGAATACGTTCCCGGGTCTTGTACACACCGCCCGTCACACCATGGGAGTCAGTAACGCCCGAAGTCAGTGACCCAACCGAAAGGAGGGAGCTGCCGAAGGTGGGACCGATAACTGGGGTGAAGTCGTAACAAGGTAGCCGTATCGGAAGGTGCGGCTGGATCACCTCCTTTCT
30,NB2B-BHI-1,Escherichia coli,**Escherichia coli/fergusonii/Shigella sonnei/flexneri/dysenteriae,ACGAGTGGCGGACGGGTGAGTAATGTCTGGGAAACTGCCTGATGGAGGGGGATAACTACTGGAAACGGTAGCTAATACCGCATAACGTCGCAAGACCAAAGAGGGGGACCTTCGGGCCTCTTGCCATCGGATGTGCCCAGATGGGATTAGCTAGTAGGTGGGGTAACGGCTCACCTAGGCGACGATCCCTAGCTGGTCTGAGAGGATGACCAGCCACACTGGAACTGAGACACGGTCCAGACTCCTACGGGAGGCAGCAGTGGGGAATATTGCACAATGGGCGCAAGCCTGATGCAGCCATGCCGCGTGTATGAAGAAGGCCTTCGGGTTGTAAAGTACTTTCAGCGGGGAGGAAGGGAGTAAAGTTAATACCTTTNCTCATTGACGTTACCCGCAGAAGAAGCACCGGCTAACTCCGTGCCAGCAGCCGCGGTAATACGGAGGGTGCAAGCGTTAATCGGAATTACTGGGCGTAAAGCGCACGCAGGCGGTTTGTTAAGTCAGATGTGAAATCCCCGGGCTCAACCTGGGAACTGCATCTGATACTGGCAAGCTTGAGTCTCGTAGAGGGGGGTAGAATTCCAGGTGTAGCGGTGAAATGCGTAGAGATCTGGAGGAATACCGGTGGCGAAGGCGGCCCCCTGGACGAAGACTGACGCTCAGGTGCGAAAGCGTGGGGAGCAAACAGGATTAGATACCCTGGTAGTCCACGCCGTAAACGATGTCGACTTGGAGGTTGTGCCCTTGAGGCGTGGCTTCCGGAGCTAACGCGTTAAGTCGACCGCCTGGGGAGTACGGCCGCAAGGTTAAAACTCAAATGAATTGACGGGGGCCCGCACAAGCGGTGGAGCATGTGGTTTAATTCGATGCAACGCGAAGAACCTTACCTGGTCTTGACATCCACNGAANTTTNCAGAGATGAGAATGTGCCTTCGGGAACNGTGAGACAGGTGCTGCATGGCTGTCGTCAGCTCGTGTTGTGAAATGTTGGGTTAAGTCCCGCAACGAGCGCAACCCTTATCCTTTGTTGCCAGCGGTCCGGCCGGGAACTCAAAGGAGACTGCCAGTGATAAACTGGAGGAAGGTGGGGATGACGTCAAGTCATCATGGCCCTTACGACCAGGGCTACACACGTGCTACAATGGCGCATACAAAGAGAAGCGACCTCGCGAGAGCAAGCGGACCTCATAAAGTGCGTCGTAGTCCGGATTGGAGTCTGCAACTCGACTCCATGAAGTCGGAATCGCTAGTAATCGTGGATCAGAATGCCACGGTGAATACGTTCCCGGGCCTTGTACACACCGCCCGTCACACCATGGGAGTGGGTTGCAAAAGAAGTAGGTAGCTTAACCTTCGGGAGGGCGCTTACCACTTTGTGATTCATGACTGGGGTGAAGTCGTAACAAGGTAACCGTAGGGGAACCTGCGGTTGGATCACCTCCTT
31,NB2B-9-DCM,Anaerostipes hadrus,Anaerostipes hadrus/butyraticus,ATGAGAGTTTGATCCTGGCTCAGGATGAACGCTGGCGGCGTGCTTAACACATGCAAGTCGAACGAAGCGCCTTATTTGATTTTCTTCGGAACTGAAGATTTGGTGACTGAGTGGCGGACGGGTGAGTAACGCGTGGGTAACCTGCCCTGTACAGGGGGATAACAATCAGAAATGACTGCTAATACCGCATAAGACCACAGCACCGCATGGTGCAGGGGTAAAAACTCCGGTGGTACAGGATGGACCCGCGTCTGATTAGCTGGTTGGTGAGGTAACGGCTCACCAAGGCGACGATCAGTAGCCGGCTTGAGAGAGTGAACGGCCACATTGGGACTGAGACACGGCCCAAACTCCTACGGGAGGCAGCAGTGGGGAATATTGCACAATGGGGGGAACCCTGATGCAGCGACGCCGCGTGAGTGAAGAAGTATTTCGGTATGTAAAGCTCTATCAGCAGGGAAGAAAATGACGGTACCTGACTAAGAAGCCCCGGCTAACTACGTGCCAGCAGCCGCGGTAATACGTAGGGGGCAAGCGTTATCCGGAATTACTGGGTGTAAAGGGTGCGTAGGTGGTATGGCAAGTCAGAAGTGAAAACCCAGGGCTTAACTCTGGGACTGCTTTTGAAACTGTCAGACTGGAGTGCAGGAGAGGTAAGCGGAATTCCTAGTGTAGCGGTGAAATGCGTAGATATTAGGAGGAACATCAGTGGCGAAGGCGGCTTACTGGACTGAAACTGACACTGAGGCACGAAAGCGTGGGGAGCAAACAGGATTAGATACCCTGGTAGTCCACGCCGTAAACGATGAATACTAGGTGTCGGGGCCGTAGAGGCTTCGGTGCCGCAGCCAACGCAATAAGTATTCCACCTGGGGAGTACGTTCGCAAGAATGAAACTCAAAGGAATTGACGGGGACCCGCACAAGCGGTGGAGCATGTGGTTTAATTCGAAGCAACGCGAAGAACCTTACCTGGTCTTGACATCCTTCTGACCGGTCCTTAACCGGACCTTTCCTTCGGGACAGGAGTGACAGGTGGTGCATGGTTGTCGTCAGCTCGTGTCGTGAGATGTTGGGTTAAGTCCCGCAACGAGCGCAACCCCTATCTTTAGTAGCCAGCATTTAAGGTGGGCACTCTAGAGAGACTGCCAGGGATAACCTGGAGGAAGGTGGGGACGACGTCAAATCATCATGCCCCTTATGACCAGGGCTACACACGTGCTACAATGGCGTAAACAGAGGGAAGCAGCCTCGTGAGAGTGAGCAAATCCCAAAAATAACGTCTCAGTTCGGATTGTAGTCTGCAACTCGACTACATGAAGCTGGAATCGCTAGTAATCGCGAATCAGAATGTCGCGGTGAATACGTTCCCGGGTCTTGTACACACCGCCCGTCACACCATGGGAGTCAGTAACGCCCGAAGTCAGTGACCCAACCGTAAGGAGGGAGCTGCCGAAGGCGGGACCGATAACTGGGGTGAAGTCGTAACAAGGTAGCCGTATCGGAAGGTGCGGCTGGATCACCTCCTTT
32,NB2B-9-FAA,Blautia luti,Blautia luti/wexlerae/obeum/glucerasea/ schinkii/producta,GTTGGTGGGGTAACGGCCCACCAAGGCGACGATCCATAGCCGGCCTGAGAGGGTGAACGGCCACATTGGGACTGAGACACGGCCCAGACTCCTACGGGAGGCAGCAGTGGGGAATATTGCACAATGGGGGAAACCCTGATGCAGCGACGCCGCGTGAAGGAAGAAGTATCTCGGTATGTAAACTTCTATCAGCAGGGAAGATAGTGACGGTACCTGACTAAGAAGCCCCGGCTAACTACGTGCCAGCAGCCGCGGTAATACGTAGGGGGCAAGCGTTATCCGGATTTACTGGGTGTAAAGGGAGCGTAGACGGTGTGGCAAGTCTGATGTGAAAGGCATGGGCTCAACCTGTGGACTGCATTGGAAACTGTCATACTTGAGTGCCGGAGGGGTAAGCGGAATTCCTAGTGTAGCGGTGAAATGCGTAGATATTAGGAGGAACACCAGTGGCGAAGGCGGCTTACTGGACGGTAACTGACGTTGAGGCTCGAAAGCGTGGGGAGCAAACAGGATTAGATACCCTGGTAGTCCACGCCGTAAACGATGAATACTAGGTGTCGGGGAGCAAAGCTCTTCGGTGCCGTCGCAAACGCAGTAAGTATTCCACCTGGGGAGTACGTTCGCAAGAATGAAACTCAAAGGAATTGACGGGGACCCGCACAAGCGGTGGAGCATGTGGTTTAATTCGAAGCAACGCGAAGAACCTTACCAAATCTTGACATCCCTCTGACCGGTCTTTAATCGGACCTTCTCTTCGGAGCAGAGGTGACAGGTGGTGCATGGTTGTCGTCAGCTCGTGTCGTGAGATGTTGGGTTAAGTCCCGCAACGAGCGCAACCCCTATCCTCAGTAGCCAGCATTTAAGGTGGGCACTCTGGGGAGACTGCCAGGGATAACCTGGAGGAAGGCGGGGATGACGTCAAATCATCATGCCCCTTATGATTTGGGCTACACACGTGCTACAATGGCGTAAACAAAGGGAAGCGAGATCGTGAGATGGAGCAAATCCCAAAAATAACGTCCCAGTTCGGACTGTAGTCTGCAACCCGACTACACGAAGCTGGAATCGCTAGTAATCGCGGATCAGAATGCCGCGGTGAATACGTTCCCGGGTCTTGTACACACCGCCCGTCACACCATGGGAGTCAGTAACGCCCGAAGTCAGTGACCTAACTGCAAAGAAGGAGCTGCCGAAGGCGGGACCGATGACTGGGGTGAAGTCGTAACAAGGTAGCCGTATCGGAAGGTGCGGCTGGATCAC
33,NB2A-7-D5,[Clostridium] scindens,[Clostridium] scindens,AACGAGAGTTTGATCCTGGCTCAGGATGAACGCTGGCGGCGTGCCTAACACATGCAAGTCGAACGAAGCGCTTCCGCCTGATTTTCTTCGGAGATGAAGGCGGCTGCGACTGAGTGGCGGACGGGTGAGTAACGCGTGGGCAACCTGCCTTGCACTGGGGGATAACAGCCAGAAATGGCTGCTAATACCGCATAAGACCGAAGCGCCGCATGGCGCAGCGGCCAAAGCCCCGGCGGTGCAAGATGGGCCCGCGTCTGATTAGGTAGTTGGCGGGGTAACGGCCCACCAAGCCGACGATCAGTAGCCGACCTGAGAGGGTGACCGGCCACATTGGGACTGAGACACGGCCCAGACTCCTACGGGAGGCAGCAGTGGGGAATATTGCACAATGGGGGAAACCCTGATGCAGCGACGCCGCGTGAAGGATGAAGTATTTCGGTATGTAAACTTCTATCAGCAGGGAAGAAGATGACGGTACCTGACTAAGAAGCCCCGGCTAACTACGTGCCAGCAGCCGCGGTAATACGTAGGGGGCAAGCGTTATCCGGATTTACTGGGTGTAAAGGGAGCGTAGACGGCGATGCAAGCCAGATGTGAAAGCCCGGGGCTCAACCCCGGGACTGCATTTGGAACTGCGTGGCTGGAGTGTCGGAGAGGCAGGCGGAATTCCTAGTGTAGCGGTGAAATGCGTAGATATTAGGAGGAACACCAGTGGCGAAGGCGGCCTGCTGGACGATGACTGACGTTGAGGCTCGAAAGCGTGGGGAGCAAACAGGATTAGATACCCTGGTAGTCCACGCCGTAAACGATGACTACTAGGTGTCGGGTGGCAAGGCCATTCGGTGCCGCAGCAAACGCAATAAGTAGTCCACCTGGGGAGTACGTTCGCAAGAATGAAACTCAAAGGAATTGACGGGGACCCGCACAAGCGGTGGAGCATGTGGTTTAATTCGAAGCAACGCGAAGAACCTTACCTGATCTTGACATCCCGATGCCAAAGCGCGTAACGCGCTCTTTCTTCGGAACATCGGTGACAGGTGGTGCATGGTTGTCGTCAGCTCGTGTCGTGAGATGTTGGGTTAAGTCCCGCAACGAGCGCAACCCCTATCTTCAGTAGCCAGCATTCCGGATGGGCACTCTGGAGAGACTGCCAGGGACAACCTGGAGGAAGGTGGGGATGACGTCAAATCATCATGCCCCTTATGACCAGGGCTACACACGTGCTACAATGGCGTAAACAAAGGGAGGCGAACCCGCGAGGGTGGGCAAATCCCAAAAATAACGTCTCAGTTCGGATTGTAGTCTGCAACTCGACTACATGAAGCTGGAATCGCTAGTAATCGCGAATCAGAATGTCGCGGTGAATACGTTCCCGGGTCTTGTACACACCGCCCGTCACACCATGGGAGTCAGTAACGCCCGAAGCCGGTGACCCAACCCGCAAGGGAGGGAGCCGTCGAAGGTGGGACCGATAACTGGGGTGAAGTCGTAACAAGGTAGCCGTATCGGAAGGTGCGGCTGGATCACCTCCTTT
34,NB2B-10-MRS,Eubacterium desmolans,Eubacterium desmolans – Butyricicoccus faecihominis/pullicaecorum – Intestinibacillus massiliensis,TTTAGAGAGTTTGATCCTGGCTCAGGATGAACGCTGGCGGCGTGCCTAACACATGCAAGTCGAACGGAGTCGTTTTGGAAAATCCTTCGGGATTGGAATTCTCGACTTAGTGGCGGACGGGTGAGTAACGCGTGAGCAATCTGCCTTTAAGAGGGGGATAACAGTCGGAAACGGCTGCTAATACCGCATAAAGCATTGAATTCGCATGTTTTCGATGCCAAAGGAGCAATCCGCTTTTAGATGAGCTCGCGTCTGATTAGCTAGTTGGTGGGGTAACGGCCCACCAAGGCGACGATCAGTAGCCGGACTGAGAGGTTGAACGGCCACATTGGGACTGAGACACGGCCCAGACTCCTACGGGAGGCAGCAGTGGGGAATATTGCGCAATGGGGGAAACCCTGACGCAGCAACGCCGCGTGATTGAAGAAGGCCTTCGGGTTGTAAAGATCTTTAATCAGGGACGAAAAATGACGGTACCTGAAGAATAAGCTCCGGCTAACTACGTGCCAGCAGCCGCGGTAATACGTAGGGAGCAAGCGTTATCCGGATTTACTGGGTGTAAAGGGCGCGCAGGCGGGCCGGCAAGTTGGAAGTGAAATCCGGGGGCTTAACCCCCGAACTGCTTTCAAAACTGCTGGTCTTGAGTGATGGAGAGGCAGGCGGAATTCCGTGTGTAGCGGTGAAATGCGTAGATATACGGAGGAACACCAGTGGCGAAGGCGGCCTGCTGGACATTAACTGACGCTGAGGCGCGAAAGCGTGGGGAGCAAACAGGATTAGATACCCTGGTAGTCCACGCCGTAAACGATGGATACTAGGTGTGGGAGGTATTGACCCCTTCCGTGCCGCAGTTAACACAATAAGTATCCCACCTGGGGAGTACGGCCGCAAGGTTGAAACTCAAAGGAATTGACGGGGGCCCGCACAAGCAGTGGAGTATGTGGTTTAATTCGAAGCAACGCGAAGAACCTTACCAGGCCTTGACATCCCGATGACCGGCTTAGAGATAAGCCTTCTCTTCGGAGCATCGGTGACAGGTGGTGCATGGTTGTCGTCAGCTCGTGTCGTGAGATGTTGGGTTAAGTCCCGCAACGAGCGCAACCCTTACGGTTAGTTGATACGCAAGATCACTCTAGCCGGACTGCCGTTGACAAAACGGAGGAAGGTGGGGACGACGTCAAATCATCATGCCCCTTATGGCCTGGGCTACACACGTACTACAATGGCAGTCATACAGAGGGAAGCAAAATCGCGAGGTGGAGCAAATCCCTAAAAGCTGTCCCAGTTCAGATTGCAGGCTGCAACCCGCCTGCATGAAGTCGGAATTGCTAGTAATCGCGGATCAGCATGCCGCGGTGAATACGTTCCCGGGCCTTGTACACACCGCCCGTCACACCATGAGAGCCGTCAATACCCGAAGTCCGTAGCCTAACCGCAAGGAGGGCGCGGCCGAAGGTAGGGGTGGTAATTAGGGTGAAGTCGTAACAAGGTAGCCGTATCGGAAGGTGCGGCTGGATCACCTCCTTT
35,NB2B-19-DCM,Faecalibacterium prausnitzii,Faecalibacterium prausnitzii,AGAAAGGAGGTGATCCAGCCGCAGGTTCTCCTACGGCTACCTTGTTACGACTTCACCCCAATCACCAGTTTTACCTTCGGCGGCGTCCTCCTTGCGGTTAGACTACCGACTTCGGGTCCCCCCGGCTCTCATGGTGTGACGGGCGGTGTGTACAAGGCCCGGGAACGTATTCACCGTGGCATGCTGATCCACGATTACTAGCAATTCCGACTTCGTGCAGGCGAGTTGCAGCCTGCAGTCCGAACTGGGACGTTGTTTCTGAGTTTTGCTCCACCTCGCGGTCTTGCTTCTCTTTGTTTAACGCCATTGTAGTACGTGTGTAGCCCAAGTCATAAAGGGCATGATGATTTGACGTCATCCCCACCTTCCTCCGTTTTGTCAACGGCAGTCCTGCCAGAGTCCTCTTGCGTAGTAACTGACAGTAAGGGTTGCGCTCGTTGCGGGACTTAACCCAACATCTCACGACACGAGCTGACGACAACCATGCACCACCTGTCTCCTTGCTCCGAAGAGAAAACATATTTCTATGTGCGTCGCAGGATGTCAAGACTTGGTAAGGTTCTTCGCGTTGCGTCGAATTAAACCACATACTCCACTGCTTGTGCGGGCCCCCGTCAATTCCTTTGAGTTTCAACCTTGCGGTCGTACTCCCCAGGTGGATTACTTATTGTGTTAACTGCGGCACTGAAGGGGTCAATCCTCCAACACCTAGTAATCATCGTTTACGGTGTGGACTACCAGGGTATCTAATCCTGTTTGCTACCCACACTTTCGAGCCTCAGCGTCAGTTGGTGCCCAGTAGGCCGCCTTCGCCACTGGTGTTCCTCCCGATATCTACGCATTCCACCGCTACACCGGGAATTCCGCCTACCTCTGCACTACTCAAGAAAAACAGTTTTGAAAGCAGTTTATGGGTTGAGCCCATAGATTTCACTTCCAACTTGTCTTCCCGCCTGCGCTCCCTTTACACCCAGTAATTCCGGACAACGCTTGTGACCTACGTTTTACCGCGGCTGCTGGCACGTAGTTAGCCGTCACTTCCTTGTTGAGTACCGTCATTATCTTCCTCAACAACAGGAGTTTACAATCCGAAGACCTTCTTCCTCCACGCGGCGTCGCTGCATCAGGGTTTCCCCCATTGTGCAATATTCCCCACTGCTGCCTCCCGTAGGAGTCTGGGCCGTGTCTCAGTCCCAATGTGGCCGTTCAACCTCTCAGTCCGGCTACCGATCGTTGCCTTGGTGGGCCATTACCTCACCAACTAGCTAATCGGACGCGAGGCCATCTCAAAGCGGATTGCTCCTTTTCCCTCTGGTCGATGCCGACCTGTGGGCTTATGCGGTATTAGCAGTCGTTTCCAACTGTTGTCCCCCTCTTTGAGGCAGGTTCCTCACGCGTTACTCACCCGTTCGCCACTCGCTYGAGAAAGCAAGCTCTCTCTCGCTCGTTCGACTTGCATGTGTTAGGCGCGCCGCCAGCGTTCGTCCTGAGCCAGGATCAAACTCTTTATAAA
36,NB2A-12-BBE,Bacteroides ovatus,Bacteroides ovatus/xylanisolven/koreensis/kribbi,CCGTGTCTCAGTTCCAATGTGGGGGACCTTCCTCTCAGAACCCCTATCCATCGTTGTCTTGGTGGGCCGTTACCCCGCCAACAAACTAATGGAACGCATCCCCATCGATAACCGAAATTCTTTAATAGTAAAACCATGCGGTTTTAATATACCATCGGATATTAATCTTTCTTTCGAAAGGCTATCCCCGAGTTATCGGCAGGTTGGATACGTGTTACTCACCCGTGCGCCGGTCGCCATCTTTAGTTTGCAAGCAAACTAAAATGCTGCCCCTCGACTTGCATGTGTTAAGCCTGTAGCTAGCGTTCATCCTGAGCTATTAAAGAATTTCGGTTATCGATGGGGATGCGTTCCATTAGTTTGTTGGCGGGGTAACGGCCCACCAAGACAACGATGGATAGGGGTTCTGAGAGGAAGGTCCCCCACATTGGAACTGAGACACGGTCCAAACTCCTACGGGAGGCAGCAGTGAGGAATATTGGTCAATGGGCGAGAGCCTGAACCAGCCAAGTAGCGTGAAGGATGAAGGCTCTATGGGTCGTAAACTTCTTTTATATGGGAATAAAGTATTCCACGTGTGGAATTTTGTATGTACCATATGAATAAGGATCGGCTAACTCCGTGCCAGCAGCCGCGGTAATACGGAGGATCCGAGCGTTATCCGGATTTATTGGGTTTAAAGGGAGCGTAGGTGGATTGTTAAGTCAGTTGTGAAAGTTTGCGGCTCAACCGTAAAATTGCAGTTGAAACTGGCAGTCTTGAGTACAGTAGAGGTGGGCGGAATTCGTGGTGTAGCGGTGAAATGCTTAGATATCACGAAGAACTCCGATTGCGAAGGCAGCTCACTAGACTGTCACTGACACTGATGCTCGAAAGTGTGGGTATCAAACAGGATTAGATACCCTGGTAGTCCACACAGTAAACGATGAATACTCGCTGTTTGCGATATACAGTAAGCGGCCAAGCGAAAGCATTAAGTATTCCACCTGGGGAGTACGCCGGCAACGGTGAAACTCAAAGGAATTGACGGGGGCCCGCACAAGCGGAGGAACATGTGGTTTAATTCGATGATACGCGAGGAACCTTACCCGGGCTTAAATTGCATTTGAATAATCTGGAAACAGGTTAGCCGCAAGGCAAATGTGAAGGTGCTGCATGGTTGTCGTCAGCTCGTGCCGTGAGGTGTCGGCTTAAGTGCCATAACGAGCGCAACCCTTATCTTTAGTTACTAACAGGTTATGCTGAGGACTCTAGAGAGACTGCCGTCGTAAGATGTGAGGAAGGTGGGGATGACGTCAAATCAGCACGGCCCTTACGTCCGGGGCTACACACGTGTTACAATGGGGGGTACAGAAGGCAGCTACCTGGCGACAGGATGCTAATCCCAAAAACCTCTCTCAGTTCGGATCGAAGTCTGCAACCCGACTTCGTGAAGCTGGATTCGCTAGTAATCGCGCATCAGCCATGGCGCGGTGAATACGTTCCCGGGCCTTGTACACACCGCCCGTCAAGCCATGAAAGCCGGGGGTACCTGAAGTACGTAACCGCAAGGAGCGTCCTAGGGTAAAACTGGTAATTGGGGCT
37,NB2A-13-NA,Coprococcus catus,Coprococcus catus,ATGAGAGTTTGATCCTGGCTCAGGATGAACGCTGGCGGCGTGCTTAACACATGCAAGTCGAACGGACGATGAAGAGCTTGCTTTTCAGAGTTAGTGGCGGACGGGTGAGTAACGCGTGGGTAACCTGCCTCATACAGGGGGATAGCAGCTGGAAACGGCTGATAAAACCGCATAAGCGCACAGCATCGCATGATGCAGTGTGAAAAACTCCGGTGGTATGAGATGGACCCGCGTCTGATTAGCTGGTTGGTGAGGTAACGGCCCACCAAGGCGACGATCAGTAGCCGGCCTGAGAGGGTGACCGGCCACATTGGGACTGAGACACGGCCCAAACTCCTACGGGAGGCAGCAGTGGGGAATATTGCACAATGGGGGAAACCCTGATGCAGCGACGCCGCGTGAAGGAAGAAGTATCTCGGTATGTAAACTTCTATCAGCAGGGAAGATAATGACGGTACCTGACTAAGAAGCCCCGGCTAACTACGTGCCAGCAGCCGCGGTAATACGTAGGGGGCAAGCGTTATCCGGATTTACTGGGTGTAAAGGGAGCGTAGGCGGCGGAGCAAGTCAGAAGTGAAAGCCCGGGGCTCAACCCCGGGACGGCTTTTGAAACTGCCCTGCTTGATTTCAGGAGAGGTAAGCGGAATTCCTAGTGTAGCGGTGAAATGCGTAGATATTAGGAGGAACACCAGTGGCGAAGGCGGCTTACTGGACTGACAATGACGCTGAGGCTCGAAAGCGTGGGGAGCAAACAGGATTAGATACCCTGGTAGTCCACGCCGTAAACGATGAATACTAGGTGTCGGGGCTCATAAGAGCTTCGGTGCCGCAGCAAACGCAATAAGTATTCCACCTGGGGAGTACGTTCGCAAGAATGAAACTCAAAGGAATTGACGGGGACCCGCACAAGCGGTGGAGCATGTGGTTTAATTCGAAGCAACGCGAAGAACCTTACCAGGCCTTGACATCCCGGTGACCGTCCCGTAATGGGGACCTCTCTTCGGAGCACCGGTGACAGGTGGTGCATGGTTGTCGTCAGCTCGTGTCGTGAGATGTTGGGTTAAGTCCCGCAACGAGCGCAACCCCTATGTTCAGTAGCCAGCAGGTAAAGCTGGGCACTCTGGACAGACTGCCGGGGATAACCCGGAGGAAGGCGGGGATGACGTCAAATCATCATGCCCCTTACGGCCTGGGCTACACACGTGCTACAATGGCGTAAACAAAGGGAAGCGAGAGGGTGACCTGGAGCGAATCCCAAAAATAACGTCCCAGTTCGGACTGTAGTCTGCAACCCGACTACACGAAGCTGGAATCGCTAGTAATCGCGAATCAGCATGTCGCGGTGAATACGTTCCCGGGTCTTGTACACACCGCCCGTCACACCATGGGAGTTGGAAATGCCCGAAGTCAGTGACCTAACCGCAAGGGAGGAGCTGCCGAAGGTGGAGCCGATGACTGGGGTGAAGTCGTAACAAGGTAGCCGTATCGGAAGGTGCGGCTGGATCACCTCCTTTCTAAGGAA
38,NB2B-16-TSAB,Bifidobacterium adolescentis,Bifidobacterium adolescentis/stercoris/faecale/kashiwanohense/ruminantium,TGTGGAGGGTTCGATTCTGGCTCAGGATGAACGCTGGCGGCGTGCTTAACACATGCAAGTCGAACGGGATCCCAGGAGCTTGCTCCTGGGTGAGAGTGGCGAACGGGTGAGTAATGCGTGACCGACCTGCCCCATACACCGGAATAGCTCCTGGAAACGGGTGGTAATGCCGGATGCTCCAGTTGACCGCATGGTCCTCTGGGAAAGCTTTTGCGGTATGGGATGGGGTCGCGTCCTATCAGCTTGATGGCGGGGTAACGGCCCACCATGGCTTCGACGGGTAGCCGGCCTGAGAGGGCGACCGGCCACATTGGGACTGAGATACGGCCCAGACTCCTACGGGAGGCAGCAGTGGGGAATATTGCACAATGGGCGCAAGCCTGATGCAGCGACGCCGCGTGCGGGATGACGGCCTTCGGGTTGTAAACCGCTTTTGACTGGGAGCAAGCCCTTCGGGGTGAGTGTACCTTTCGAATAAGCACCGGCTAACTACGTGCCAGCAGCCGCGGTAATACGTAGGGTGCAAGCGTTATCCGGAATTATTGGGCGTAAAGGGCTCGTAGGCGGTTCGTCGCGTCCGGTGTGAAAGTCCATCGCTTAACGGTGGATCCGCGCCGGGTACGGGCGGGCTTGAGTGCGGTAGGGGAGACTGGAATTCCCGGTGTAACGGTGGAATGTGTAGATATCGGGAAGAACACCAATGGCGAAGGCAGGTCTCTGGGCCGTCACTGACGCTGAGGAGCGAAAGCGTGGGGAGCGAACAGGATTAGATACCCTGGTAGTCCACGCCGTAAACGGTGGATGCTGGATGTGGGGACCATTCCACGGTCTCCGTGTCGGAGCCAACGCGTTAAGCATCCCGCCTGGGGAGTACGGCCGCAAGGCTAAAACTCAAAGAAATTGACGGGGGCCCGCACAAGCGGCGGAGCATGCGGATTAATTCGATGCAACGCGAAGAACCTTACCTGGGCTTGACATGTTCCCGACAGCCCCAGAGATGGGGCCTCCCTTCGGGGCGGGTTCACAGGTGGTGCATGGTCGTCGTCAGCTCGTGTCGTGAGATGTTGGGTTAAGTCCCGCAACGAGCGCAACCCTCGCCCTGTGTTGCCAGCACGTCGTGGTGGGAACTCACGGGGGACCGCCGGGGTCAACTCGGAGGAAGGTGGGGATGACGTCAGATCATCATGCCCCTTACGTCCAGGGCTTCACGCATGCTACAATGGCCGGTACAACGGGATGCGACACCGCGAGGTGGAGCGGATCCCTTAAAACCGGTCTCAGTTCGGATTGGAGTCTGCAACCCGACTCCATGAAGGCGGAGTCGCTAGTAATCGCGGATCAGCAACGCCGCGGTGAATGCGTTCCCGGGCCTTGTACACACCGCCCGTCAAGTCATGAAAGTGGGTAGCACCCGAAGCCGGTGGCCCAACCTTTTGGGGGGAGCCGTCTAAGGTGAGACTCGTGATTGGGACTAAGTCGTAACAAGGTAGCCGTACCGGAAGGTGCGGCTGGATCACCTCCTTT
39,NB2B-13-DCM,Collinsella aerofaciens,Collinsella aerofaciens/bouchesdurhonensis/stercoris/intestinalis,CGGAGAGTTCGATCCTGGCTCAGGATGAACGCTGGCGGCGCGCCTAACACATGCAAGTCGAACGGCACCCACCTCCGGGTGGAAGCGAGTGGCGAACGGCTGAGTAACACGTGGAGAACCTGCCCCCTCCCCCGGGATAGCCGCCCGAAAGGACGGGTAATACCGGATACCCCGGGGTGCCGCATGGCACCCCGGCTAAAGCCCCGACGGGAGGGGATGGCTCCGCGGCCCATCAGGTAGACGGCGGGGTGACGGCCCACCGTGCCGACAACGGGTAGCCGGGTTGAGAGACCGACCGGCCAGATTGGGACTGAGACACGGCCCAGACTCCTACGGGAGGCAGCAGTGGGGAATCTTGCGCAATGGGGGGAACCCTGACGCAGCGACGCCGCGTGCGGGACGGAGGCCTTCGGGTCGTAAACCGCTTTCAGCAGGGAAGAGTCAAGACTGTACCTGCAGAAGAAGCCCCGGCTAACTACGTGCCAGCAGCCGCGGTAATACGTAGGGGGCGAGCGTTATCCGGATTCATTGGGCGTAAAGCGCGCGTAGGCGGCCCGGCAGGCCGGGGGTCGAAGCGGGGGGCTCAACCCCCCGAAGCCCCCGGAACCTCCGCGGCTTGGGTCCGGTAGGGGAGGGTGGAACACCCGGTGTAGCGGTGGAATGCGCAGATATCGGGTGGAACACCGGTGGCGAAGGCGGCCCTCTGGGCCGAGACCGACGCTGAGGCGCGAAAGCTGGGGGAGCGAACAGGATTAGATACCCTGGTAGTCCCAGCCGTAAACGATGGACGCTAGGTGTGGGGGGACGATCCCCCCGTGCCGCAGCCAACGCATTAAGCGTCCCGCCTGGGGAGTACGGCCGCAAGGCTAAAACTCAAAGGAATTGACGGGGGCCCGCACAAGCAGCGGAGCATGTGGCTTAATTCGAAGCAACGCGAAGAACCTTACCAGGGCTTGACATATGGGTGAAGCGGGGGAGACCCCGTGGCCGAGAGGAGCCCATACAGGTGGTGCATGGCTGTCGTCAGCTCGTGTCGTGAGATGTTGGGTTAAGTCCCGCAACGAGCGCAACCCCCGCCGCGTGTTGCCATCGGGTGATGCCGGGAACCCACGCGGGACCGCCGCCGTCAAGGCGGAGGAGGGCGGGGACGACGTCAAGTCATCATGCCCCTTATGCCCTGGGCTGCACACGTGCTACAATGGCCGGTACAGAGGGATGCCACCCCGCGAGGGGGAGCGGATCCCGGAAAGCCGGCCCCAGTTCGGATTGGGGGCTGCAACCCGCCCCCATGAAGTCGGAGTTGCTAGTAATCGCGGATCAGCATGCCGCGGTGAATGCGTTCCCGGGCCTTGTACACACCGCCCGTCACACCACCCGAGTCGTCTGCACCCGAAGTCGCCGGCCCAACCGTCAAGGGGGGAGGCGCCGAAGGTGTGGAGGGTGAGGGGGGTGAAGTCGTAACAAGGTAGCCGTACCGGAAGGTGCGGCTGGATCACCTCCTTT
40,14 LG,Acidaminococcus intestini,Acidaminococcus intestini/fermentans,GACTTCACCCCAATCATNGGCCCCANTTAGACAGCTGACTCCTAAAAGGTTATCTCACCGGCTTCGGGTGTTACCAACTTTCGTGGTGTGACGGGCGGTGTGTACAAGGCCCGGGAACGTATTCACCGCAGTATGCTGACCTGCGATTACTAGCGATTCCAACTTCACGTAGGCGGGTTGCAGCCTACGATCCGAACTGGGGTCGGGTTTCTGGGATTTGCTCCACCTCGCGGTTTCGCTGCCCTTTGTTGCCGACCATTGTAGTACGTGTGTAGCCCAAGACATAAGGGGCATGATGACTTGACGTCATCCCCGCCTTCCTCCAAGTTATCCCTGGCAGTCTCCTATGAGTCCCCGCCTTTACGCGCTGGTAACATAGGATAGGGGTTGCGCTCGTTGCGGGACTTAACCCAACATCTCACGACACGAGCTGACGACAGCCATGCACCACCTGTTTTCGTGTCCCCGAAGGGAGGGACCTATCTCTAGGTCTTTCACTCAATGTCAAGCCTTGGTAAGGTTCTTCGCGTTGCGTCGAATTAAACCACATACTCCACCGCTTGTGCGGGCCCCCGTCAATTCCTTTGAGTTTCAATCTTGCGATCGTAGTCCCCAGGCGGGATACTTATTGCGTTAACTCCGGCACAGAAGGGGTCGATACCTCCTACACCTAGTATCCATCGTTTACGGCCAGGACTACCGGGGTATCTAATCCCGTTTGCTACCCTGGCTTTCGCATCTCAGCGTCAGACACAGTCCAGAAAGGCGCCTTCGCCACTGGTGTTCCTCCCAATATCTACGCATTTCACCGCTACACTGGGAATTCCCCTTTCCTCTCCTGCACTCAAGACTTCCAGTATCCAACGCCATACGGGGTTAAGCCCCGCATTTTCACGTCAGACTTAAAAGCCCGCCTACATGCTCTTTACGCCCAATAATTCCGGACAACGCTTGCCACCTACGTATTACCGCGGCTGCTGGCACGTAGTTAGCCGTGGCTTCCTCGTTAGGTACCGTCAACACCATGACCTGTTCGAACACGGTGCTTTCGTCCCTAACAACAGAGTTTTACAATCCGAAGACCTTCATCACTCACGCGGCGTTGCTCCGTCAGACTTTCGTCCATTGCGGAAGATTCCCCACTGCTGCCTCCCGTAGGAGTTTGGGCCGTGTCTCAGTCCCAATGTGGCCGTTCATCCTCTCAGACCGGCTACTGATCATCGCCTTGGTGAGCCGTTACCCCACCAACTAGCTAATCAGACGCGGGCCCATCTTCCAGCGATAGCTTGCAAGCAGAGGCCATCTTTCCTCCCTCCTCCATGCGGAGGAGGGAGCACATTCGGTATTAGCATCCCTTTCGGAATGTTGTCCCCAACTGGAGGGCAGGTTGCCCACGCGTTACTCACCCGTTCGCCACTAAGAACTTACCGAAATAAGTTCTCCGTTCGACTTGCATGTGTTAAGCACGCCGCCAGCGTTCGTCCTGAGCC
41,NB2A 2_DS,Alistipes shahii,Alistipes shahii//senegalensis/timonensis/finegoldii/onderdonkii/putredinis,ATGGAGAGTTTGATCCTGGCTCAGGATGAACGCTAGCGGCAGGCCTAACACATGCAAGTC GAGGGGCAGCACGGTGTAGCAATACACTGGTGGCGACCGGCGCACGGGTGCGTAACGCGT ATGCAACCTACCCATAACAGGGGGATAACACTGAGAAATTGGTACTAATACCCCATAACA TCAGGACCGGCATCGGTTCTGGTTGAAAACTCCGGTGGTTATGGATGGGCATGCGTTGTA TTAGCTGGTTGGTGAGGTAACGGCTCACCAAGGCAACGATACATAGGGGGACTGAGAGGT TAACCCCCCACATTGGTACTGAGACACGGACCAAACTCCTACGGGAGGCAGCAGTGAGGA ATATTGGTCAATGGACGCAAGTCTGAACCAGCCATGCCGCGTGCAGGAAGACGGCTCTAT GAGTTGTAAACTGCTTTTGTACGAGGGTAAACGCTCTTACGTGTAAGAGCCTGAAAGTAT CGTACGAATAAGGATCGGCTAACTCCGTGCCAGCAGCCGCGGTAATACGGAGGATCCAAG CGTTATCCGGATTTATTGGGTTTAAAGGGTGCGTAGGCGGTTTGATAAGTTAGAGGTGAA ATACCGGTGCTTAACACCGGAACTGCCTCTAATACTGTTGAACTAGAGAGTAGTTGCGGT AGGCGGAATGTATGGTGTAGCGGTGAAATGCTTAGAGATCATACAGAACACCGATTGCGA AGGCAGCTTACCAAACTATATCTGACGTTGAGGCACGAAAGCGTGGGGAGCAAACAGGAT TAGATACCCTGGTAGTCCACGCAGTAAACGATGATAACTCGCTGTCGGCGATACACAGTC GGCGGCTAAGCGAAAGCGATAAGTTATCCACCTGGGGAGTACGTTCGCAAGAATGAAACT CAAAGGAATTGACGGGGGCCCGCACAAGCGGAGGAACATGTGGTTTAATTCGATGATACG CGAGGAACCTTACCCGGGCTTGAAAGTTACTGACGATTCTGGAAACAGGATTTCCCTTCG GGGCAGGAAACTAGGTGCTGCATGGTTGTCGTCAGCTCGTGCCGTGAGGTGTCGGGTTAA GTCCCATAACGAGCGCAACCCCTACCGTTAGTTGCCATCAGGTCAAGCTGGGCACTCTGG CGGGACTGCCGGTGTAAGCCGAGAGGAAGGTGGGGATGACGTCAAATCAGCACGGCCCTT ACGTCCGGGGCTACACACGTGTTACAATGGTAGGTACAGAGGGCAGCTACCCAGTGATGG GATGCGAATCTCGAAAGCCTATCTCAGTTCGGATCGGAGGCTGAAACCCGCCTCCGTGAA GTTGGATTCGCTAGTAATCGCGCATCAGCCATGGCGCGGTGAATACGTTCCCGGGCCTTG TACACACCGCCCGTCAAGCCATGGAAGCTGGGGGTGCCTGAAGTTCGTGACCGCAAGGAG CGACCTAGGGCAAAACCGGTGACTGGGGCTAAGTCGTAACAAGGTAGCCGTACCGGAAGG TGCGGCTGGAACACCTCCTTT
42,NB2A-1-D5,Bacteroides uniformis,Bacteroides uniformis/rodentium/fluxus,ATGAAGAGTTTGATCCTGGCTCAGGATGAACGCTAGCTACAGGCTTAACACATGCAAGTC GAGGGGCAGCATGAACTTAGCTTGCTAAGTTTGATGGCGACCGGCGCACGGGTGAGTAAC ACGTATCCAACCTGCCGATGACTCGGGGATAGCCTTTCGAAAGAAAGATTAATACCCGAT GGCATAGTTCTTCCGCATGGTAGAACTATTAAAGAATTTCGGTCATCGATGGGGATGCGT TCCATTAGGTTGTTGGCGGGGTAACGGCCCACCAAGCCTTCGATGGATAGGGGTTCTGAG AGGAAGGTCCCCCACATTGGAACTGAGACACGGTCCAAACTCCTACGGGAGGCAGCAGTG AGGAATATTGGTCAATGGACGAGAGTCTGAACCAGCCAAGTAGCGTGAAGGATGACTGCC CTATGGGTTGTAAACTTCTTTTATACGGGAATAAAGTGAGGCACGTGTGCCTTTTTGTAT GTACCGTATGAATAAGGATCGGCTAACTCCGTGCCAGCAGCCGCGGTAATACGGAGGATC CGAGCGTTATCCGGATTTATTGGGTTTAAAGGGAGCGTAGGCGGACGCTTAAGTCAGTTG TGAAAGTTTGCGGCTCAACCGTAAAATTGCAGTTGATACTGGGTGTCTTGAGTACAGTAG AGGCAGGCGGAATTCGTGGTGTAGCGGTGAAATGCTTAGATATCACGAAGAACTCCGATT GCGAAGGCAGCCTGCTGGACTGTAACTGACGCTGATGCTCGAAAGTGTGGGTATCAAACA GGATTAGATACCCTGGTAGTCCACACAGTAAACGATGAATACTCGCTGTTTGCGATATAC AGTAAGCGGCCAAGCGAAAGCGTTAAGTATTCCACCTGGGGAGTACGCCGGCAACGGTGA AACTCAAAGGAATTGACGGGGGCCCGCACAAGCGGAGGAACATGTGGTTTAATTCGATGA TACGCGAGGAACCTTACCCGGGCTTGAATTGCAACTGAATGATGTGGAGACATGTCAGCC GCAAGGCAGTTGTGAAGGTGCTGCATGGTTGTCGTCAGCTCGTGCCGTGAGGTGTCGGCT TAAGTGCCATAACGAGCGCAACCCTTATCGATAGTTACCATCAGGTGATGCTGGGGACTC TGTCGAGACTGCCGTCGTAAGATGTGAGGAAGGTGGGGATGACGTCAAATCAGCACGGCC CTTACGTCCGGGGCTACACACGTGTTACAATGGGGGGTACAGAAGGCAGCTACACGGCGA CGTGATGCTAATCCCTAAAGCCTCTCTCAGTTCGGATTGGAGTCTGCAACCCGACTCCAT GAAGCTGGATTCGCTAGTAATCGCGCATCAGCCACGGCGCGGTGAATACGTTCCCGGGCC TTGTACACACCGCCCGTCAAGCCATGAAAGCCGGGGGTACCTGAAGTGCGTAACCGCAAG GAGCGCCCTAGGGTAAAACTGGTGATTGGGGCTAAGTCGTAACAAGGTAGCCGTACCGGA AGGTGCGGCTGGAACACCTCCTT
43,NB2B 3_FMN,[Clostridium] leptum,* [Clostridium] leptum – Ruminococcus bromii/champanellensis ,TTTAGAGAGTTTGATCCTGGCTCAGGACGAACGCTGGCGGCGTGCCTAACACATGCAAGT CGAACGGACGAGAAGGTGCTTGCACCTTCAAGTTAGTGGCGGACGGGTGAGTAACGCGTG AGCAACCTGCCTCAAAGAGGGGGATAACGTCTGGAAACGGACGCTAATACCGCATGACGT ATTCGATAGGCATCTATTGGATACCAAAGGAGCAATCCGCTTTGAGATGGGCTCGCGTCT GATTAGCTAGTTGGTGGGGTAAAGGCCTACCAAGGCGACGATCAGTAGCCGGACTGAGAG GTTGAACGGCCACATTGGGACTGAGACACGGCCCAGACTCCTACGGGAGGCAGCAGTGGG GGATATTGCACAATGGGGGAAACCCTGATGCAGCAACGCCGCGTGAAGGAAGACGGTTTT CGGATTGTAAACTTCTGTTCTTAGTGACGATAATGACGGTAGCTAAGGAGAAAGCTCCGG CTAACTACGTGCCAGCAGCCGCGGTAATACGTAGGGAGCGAGCGTTGTCCGGAATTACTG GGTGTAAAGGGAGCGTAGGCGGGAGATCAAGTCAGATGTGAAAACTATGGGCTCAACCCA TAACCTGCATTTGAAACTGTTCTTCTTGAGTGAAGTAGAGGCAGGCGGAATTCCGAGTGT AGCGGTGAAATGCGTAGATATTCGGAGGAACACCAGTGGCGAAGGCGGCCTGCTGGGCTT TTACTGACGCTGAGGCTCGAAAGCATGGGGAGCAAACAGGATTAGATACCCTGGTAGTCC ATGCCGTAAACGATGATTACTAGGTGTGGGGTGGCTGACCCATTCCGTGCCGGAGTTAAC ACAATAAGTAATCCACCTGGGGAGTACGGCCGCAAGGTTGAAACTCAAAGGAATTGACGG GGGCCCGCACAAGCAGTGGAGTATGTGGTTTAATTCGAAGCAACGCGAAGAACCTTACCA GGTCTTGACATCCGACTAACGAAGTAGAGATACATTAGGTGCCCTTCGGGGAAAGTCGAG ACAGGTGGTGCATGGTTGTCGTCAGCTCGTGTCGTGAGATGTTGGGTTAAGTCCCGCAAC GAGCGCAACCCTTGTCATTAGTTGCTACGCAAGAGCACTCTAATGAGACTGCCGTTGACA AAACGGAGGAAGGTGGGGACGACGTCAAATCATCATGCCCCTTATGACCTGGGCTACACA CGTACTACAATGGCCGTTAACAGAGGGAAGCAATACTGTGAAGTGGAGCAAACCCCTAAA AACGGTCCCAGTTCAGATTGCAGGCTGCAACCCGCCTGCATGAAGTCGGAATTGCTAGTA ATCGCGGATCAGCATGCCGCGGTGAATACGTTCCCGGGCCTTGTACACACCGCCCGTCAC ACCATGGGAGCCGGTAATACCCGAAGTCGGTAGTCTAACCGCAAGGAGGACGCCGCCGAA GGTAGGATTGGCGACTGGGGTGAAGTCGTAACAAGGTAGCCGTATCGGAAGGTGCGGCTG GATCACCTCCTTT
44,NB2A 1_CNA_aer,Enterococcus hirae,Enterococcus hirae/faecium/durans/lactis,ATGAGAGTTTGATCCTGGCTCAGGACGAACGCTGGCGGCGTGCCTAATACATGCAAGTC GTACGCTTCTTTTTCCACCGGAGCTTGCTCCACCGGAAAAAGAGGAGTGGCGAACGGGTG AGTAACACGTGGGTAACCTGCCCATCAGAAGGGGATAACACTTGGAAACAGGTGCTAATA CCGTATAACAATCGAAACCGCATGGTTTTGATTTGAAAGGCGCTTTCGGGTGTCGCTGAT GGATGGACCCGCGGTGCATTAGCTAGTTGGTGAGGTAACGGCTCACCAAGGCCACGATGC ATAGCCGACCTGAGAGGGTGATCGGCCACATTGGGACTGAGACACGGCCCAAACTCCTAC GGGAGGCAGCAGTAGGGAATCTTCGGCAATGGACGAAAGTCTGACCGAGCAACGCCGCGT GAGTGAAGAAGGTTTTCGGATCGTAAAACTCTGTTGTTAGAGAAGAACAAGGATGAGAGT AACTGTTCATCCCTTGACGGTATCTAACCAGAAAGCCACGGCTAACTACGTGCCAGCAGC CGCGGTAATACGTAGGTGGCAAGCGTTGTCCGGATTTATTGGGCGTAAAGCGAGCGCAGG CGGTTTCTTAAGTCTGATGTGAAAGCCCCCGGCTCAACCGGGGAGGGTCATTGGAAACTG GGAGACTTGAGTGCAGAAGAGGAGAGTGGAATTCCATGTGTAGCGGTGAAATGCGTAGAT ATATGGAGGAACACCAGTGGCGAAGGCGGCTCTCTGGTCTGTAACTGACGCTGAGGCTCG AAAGCGTGGGGAGCAAACAGGATTAGATACCCTGGTAGTCCACGCCGTAAACGATGAGTG CTAAGTGTTGGAGGGTTTCCGCCCTTCAGTGCTGCAGCTAACGCATTAAGCACTCCGCCT GGGGAGTACGACCGCAAGGTTGAAACTCAAAGGAATTGACGGGGGCCCGCACAAGCGGTG GAGCATGTGGTTTAATTCGAAGCAACGCGAAGAACCTTACCAGGTCTTGACATCCTTTGA CCACTCTAGAGATAGAGCTTCCCCTTCGGGGGCAAAGTGACAGGTGGTGCATGGTTGTCG TCAGCTCGTGTCGTGAGATGTTGGGTTAAGTCCCGCAACGAGCGCAACCCTTATTGTTAG TTGCCATCATTCAGTTGGGCACTCTAGCAAGACTGCCGGTGACAAACCGGAGGAAGGTGG GGATGACGTCAAATCATCATGCCCCTTATGACCTGGGCTACACACGTGCTACAATGGGAA GTACAACGAGTTGCGAAGTCGCGAGGCTAAGCTAATCTCTTAAAGCTTCTCTCAGTTCGG ATTGCAGGCTGCAACTCGCCTGCATGAAGCCGGAATCGCTAGTAATCGCGGATCAGCACG CCGCGGTGAATACGTTCCCGGGCCTTGTACACACCGCCCGTCACACCACGAGAGTTTGTA ACACCCGAAGTCGGTGAGGTAACCTTTTTGGAGCCAGCCGCCTAAGGTGGGATAGATGAT TGGGGTGAAGTCGTAACAAGGTAGCCGTATCGGAAGGTGCGGCTGGATCACCTCCTTT
45,NB2B 20_NB,Gemmiger formicilis,Gemmiger formicilis – Subdoligranulum variabile,AAAGGATTTATTCGCTTCAGGATGGACTCGCGTCCAATTAGCTAGTTGGTGAGGTAACGG CCCACCAAGGCGACGATTGGTAGCCGGACTGAGAGGTTGAACGGCCACATTGGGACTGAG ACACGGCCCAGACTCCTACGGGAGGCAGCAGTGGGGGATATTGCACAATGGGGGAAACCC TGATGCAGCGACGCCGCGTGGAGGAAGAAGGTTTTCGGATTGTAAACTCCTGTCGTTAGG GACGATAATGACGGTACCTAACAAGAAAGCACCGGCTAACTACGTGCCAGCAGCCGCGGT AAAACGTAGGGTGCAAGCGTTGTCCGGAATTACTGGGTGTAAAGGGAGCGCAGGCGGACC GGCAAGTTGGAAGTGAAAACTATGGGCTCAACCCATAAATTGCTTTCAAAACTGCTGGCC TTGAGTAGTGCAGAGGTAGGTGGAATTCCCGGTGTAGCGGTGGAATGCGTAGATATCGGG AGGAACACCAGTGGCGAAGGCGACCTACTGGGCACCAACTGACGCTGAGGCTCGAAAGCA TGGGTAGCAAACAGGATTAGATACCCTGGTAGTCCATGCCGTAAACGATGATTACTAGGT GTTGGAGGATTGACCCCTTCAGTGCCGCAGTTAACACAATAAGTAATCCACCTGGGGAGT ACGACCGCAAGGTTGAAACTCAAAGGAATTGACGGGGGCCCGCACAAGCAGTGGAGTATG TGGTTTAATTCGAAGCAACGCGAAGAACCTTACCAGGTCTTGACATCCGATGCATAGTGC AGAGATGCATGAAGTCCTTCGGGACATCGAGACAGGTGGTGCATGGTTGTCGTCAGCTCG TGTCGTGAGATGTTGGGTTAAGTCCCGCAACGAGCGCAACCCTTATTGCCAGTTACTACG CAAGAGGACTCTGGCGAGACTGCCGTTGACAAAACGGAGGAAGGTGGGGATGACGTCAAA TCATCATGCCCTTTATGACCTGGGCTACACACGTACTACAATGGCGTTTAACAAAGAGAA GCAAGACCGCGAGGTGGAGCAAAACTCAAAAACAACGTCTCAGTTCAGATTGCAGGCTGC AACTCGCCTGCATGAAGTCGGAATTGCTAGTAATCGCGGATCAGCATGCCGCGGTGAATA CGTTCCCGGGCCTTGTACACACCGCCCGTCACACCATGAGAGCCGGGGGGACCCGAAGTC GGTAGTCTAACCGTAAGGAGGACGCCGCCGAAGGTAAAACTGGTGATTGGGGTGAAGTCG TAACAAGGTAGCCGTATCGGAAGGTGCGGCTGGATCACCTCCTTT
46,NB2B 23_CNA,Oscillibacter valericigenes,Oscillibacter valericigenes/ruminatium,TATAGAGAGTTTGATCCTGGCTCAGGACGAACGCTGGCGGCGTGCTTAACACATGCAAGT CGAACGGAGCACCCTTGATTGAGGTTTCGGCCAAATGATAGGAATGCTTAGTGGCGGACT GGTGAGTAACGCGTGAGGAACCTGCCTTTCAGAGGGGGACAACAGTTGGAAACGACTGCT AATACCGCATGACGCATTTTGATCGCATGGTCGAAATGCCAAAGATTTATTGCTGAAAGA TGGCCTCGCGTCTGATTAGATAGTTGGCGGGGTAACGGCCCACCAAGTCGACGATCAGTA GCCGGACTGAGAGGTTGACCGGCCACATTGGGACTGAGATACGGCCCAGACTCCTACGGG AGGCAGCAGTGGGGAATATTGGGCAATGGGCGCAAGCCTGACCCAGCAACGCCGCGTGAA GGAAGAAGGCTTTCGGGTTGTAAACTTCTTTTAAGTGGGAAGAGTAGAAGACGGTACCAC TTGAATAAGCCACGGCTAACTACGTGCCAGCAGCCGCGGTAATACGTAGGTGGCAAGCGT TGTCCGGATTTACTGGGTGTAAAGGGCGTGCAGCCGGGCATGCAAGTCAGATGTGAAATC TCAGGGCTTAACCCTGAAACTGCATTTGAAACTGTATGTCTTGAGTGCCGGAGAGGTAAT CGGAATTCCTTGTGTAGCGGTGAAATGCGTAGATATAAGGAAGAACACCAGTGGCGAAGG CGGATTACTGGACGGTAACTGACGGTGAGGCGCGAAAGCGTGGGGAGCGAACAGGATTAG ATACCCTGGTAGTCCACGCTGTAAACGATGGATACTAGGTGTGCGGGGACTGACCCCCTG CGTGCCGCAGTTAACACAATAAGTATCCCACCTGGGGAGTACGATCGCAAGGTTGAAACT CAAAGGAATTGACGGGGGCCCGCACAAGCGGTGGATTATGTGGTTTAATTCGAAGCAACG CGAAGAACCTTACCAGGTCTTGACATCCTGCTAACGAAGTAGAGATACATTAGGTGCCCT TCGGGGAAAGCAGAGACAGGTGGTGCATGGTTGTCGTCAGCTCGTGTCGTGAGATGTTGG GTTAAGTCCCGCAACGAGCGCAACCCCTATTGTTAGTTGCTACGCAAGAGCACTCTAGCG AGACTGCCGTTGACAAAACGGAGGAAGGTGGGGACGACGTCAAATCATCATGCCCCTTAT GACCTGGGCTACACACGTAATACAATGGCGGTCAACAAAGGGATGCAAAGCCGCGAGGCA GAGCGAACCCCAAAAAGCCGTCCCAGTTCGGATCGCAGGCTGCAACCCGCCTGCGTGAAG TCGGAATCGCTAGTAATCGTGGGTCAGCATACCACGGTGAATACGTTCCCGGGCCTTGTA CACACCGCCCGTCACACCATGAGAGTCGGGAACACCCGAAGTCCGTAGCCTAACCGCAAG GAGGGCGCGGCCGAAGGTGGGTTCGATAATTGGGGTGAAGTCGTAACAAGGTAGCCGTTC GAGAACGAGCGGCTGGATCACCTCCTTT
47,NB2A 31_NB,Pseudoflavonifractor capillosus,* Colidextribacter massiliensis – Pseudoflavonifractor capillosus/phocaeensis,TATTGAGAGTTTGATCCTGGCTCAGGATGAACGCTGGCGGCGTGCTTAACACATGCAAGT CGAACGGAGTGCTCATGACAGAGGATTCGTCCAATGGAGTGAGTTACTTAGTGGCGGACG GGTGAGTAACGCGTGAGTAACCTGCCTTGGAGTGGGGAATAACAGGTGGAAACATCTGCT AATACCGCATGATGCAGTTGGGTCGCATGGCTCTGACTGCCAAAGATTTATCGCTCTGAG ATGGACTCGCGTCTGATTAGCTAGTTGGCGGGGTAACGGCCCACCAAGGCGACGATCAGT AGCCGGACTGAGAGGTTGGCCGGCCACATTGGGACTGAGACACGGCCCAGACTCCTACGG GAGGCAGCAGTGGGGAATATTGGGCAATGGGCGCAAGCCTGACCCAGCAACGCCGCGTGA AGGAAGAAGGCTTTCGGGTTGTAAACTTCTTTTCTCAGGGACGAAGCAAGTGACGGTACC TGAGGAATAAGCCACGGCTAACTACGTGCCAGCAGCCGCGGTAATACGTAGGTGGCGAGC GTTATCCGGATTTACTGGGTGTAAAGGGCGTGTAGGCGGGACTGCAAGTCAGATGTGAAA ACCATGGGCTCAACCTGTGGCCTGCATTTGAAACTGTAGTTCTTGAGTACTGGAGAGGCA GACGGAATTCCTAGTGTAGCGGTGAAATGCGTAGATATTAGGAGGAACACCAGTGGCGAA GGCGGTCTGCTGGACAGCAACTGACGCTGAGGCGCGAAAGCGTGGGGAGCAAACAGGATT AGATACCCTGGTAGTCCACGCTGTAAACGATGGATACTAGGTGTGGGGGGTCTGACCCCC TCCGTGCCGCAGTTAACACAATAAGTATCCCACCTGGGGAGTACGATCGCAAGGTTGAAA CTCAAAGGAATTGACGGGGGCCCGCACAAGCGGTGGAGTATGTGGTTTAATTCGAAGCAA CGCGAAGAACCTTACCAGGGCTTGACATCCCGGTGACCGGTGTAGAGATACACCTTCTTC TTCGGAAGCGCCGGTGACAGGTGGTGCATGGTTGTCGTCAGCTCGTGTCGTGAGATGTTG GGTTAAGTCCCGCAACGAGCGCAACCCTTATTGTTAGTTGCTACGCAAGAGCACTCTAGC GAGACTGCCGTTGACAAAACGGAGGAAGGTGGGGACGACGTCAAATCATCATGCCCCTTA TGTCCTGGGCCACACACGTACTACAATGGTGGTCAACAGAGGGAAGCAAGACCGCGAGGT GGAGCAAACCCCTAAAAGCCATCCCAGTTCGGATTGCAGGCTGCAACTCGCCTGTATGAA GTTGGAATCGCTAGTAATCGCGGATCAGCATGCCGCGGTGAATACGTTCCCGGGCCTTGT ACACACCGCCCGTCACACCATGAGAGTCGGGAACACCCGAAGTCCGTAGCCTAACCGCAA GGGGGGCGCGGCCGAAGGTGGGTTCGATAATTGGGGTGAAGTCGTAACAAGGTAGCCGTA TCGGAAGGTGCGGCTGGATCACCTCCTTT
,,,,
,,,,
,,,* means less than 95% identity for the full length 16S = novel species (no database will accuretly detect this strain),
,,,** cannot distinguish by 16S to genus,